name,deal_size,series,tagline,location,investors,domain,date,source
Bling Energy,$17M,Growth,Solar energy developer,"Lisbon, Portugal",BlueCrow Capital,https://blingenergy.pt/,2025-08-11,https://www.ctvc.co/your-nycw-cheat-sheet-258/
Disa Technologies,$30M,Series A,Sustainable mineral extraction technology provider,"Casper, WY","Evōk Innovations, Constellation Technology Ventures, Halliburton Labs, Valor Equity Partners, Veriten",https://www.disausa.com/,2025-08-11,https://www.ctvc.co/your-nycw-cheat-sheet-258/
Tanso,$14M,Series A,Emission management software platform,"Munich, Germany","Fortino Capital, henQ, Capnamic Ventures, UVC Partners",https://www.tanso.de/en,2025-08-11,https://www.ctvc.co/your-nycw-cheat-sheet-258/
PeroCycle,$5M,Seed,Closed-loop steelmaking technology developer,"Cambridge, England","Anglo American, Cambridge Future Tech",https://www.perocycle.com/,2025-08-11,https://www.ctvc.co/your-nycw-cheat-sheet-258/
Bisly,$5M,Seed,Automated energy platform for buildings,"Tallinn, Estonia","2C Ventures, Aconterra, Pinorena Capital, SmartCap",https://www.bisly.com/,2025-08-11,https://www.ctvc.co/your-nycw-cheat-sheet-258/
LiORA,$3M,Seed,Soil remediation platform,"Calgary, Canada","BDC Capital, Conexus Venture Capital, PIC Investment Group, WTC Ventures",https://www.joinliora.com/,2025-08-11,https://www.ctvc.co/your-nycw-cheat-sheet-258/
HydrogenXT,$900M,,Clean hydrogen infrastructure developer,"Houston, TX",Kell Kapital Partners,https://www.hydrogenxt.com/about,2025-08-11,https://www.ctvc.co/your-nycw-cheat-sheet-258/
Pulse Clean Energy,$292M,,Utility-scale battery storage assets developer and owner,"London, England","ABN AMRO, CIBC, Investec, NatWest, Nord/LB, Santander",https://pulsecleanenergy.com/,2025-08-11,https://www.ctvc.co/your-nycw-cheat-sheet-258/
Endua,$4M,Grant,Modular electrolyzer developer,"Brisbane, Australia","Australian Government - Department of Industry, Science and Resources",https://www.endua.com/,2025-08-11,https://www.ctvc.co/your-nycw-cheat-sheet-258/
Stellar PV,$3M,Grant,Solar ingot and wafer manufacturer,"Townsville, Australia",Australian Renewable Energy Agency,,2025-08-11,https://www.ctvc.co/your-nycw-cheat-sheet-258/
SeaO2,$1M,Grant,Water-to-e-SAF and carbon removal developer,"Amsterdam, Netherlands",Topsector Energy,https://www.seao2.com/,2025-08-11,https://www.ctvc.co/your-nycw-cheat-sheet-258/
Powin Energy,,,Battery energy storage system developer,"Tualatin, OR",,,2025-08-11,https://www.ctvc.co/your-nycw-cheat-sheet-258/
GoodShip,$25M,Series B,Operating system for the freight industry,"Bellevue, WA","Greenfield Partners, Bessemer Venture Partners, Ironspring Ventures, Chicago Ventures, FUSE VC",https://goodship.io/,2025-08-13,https://fortune.com/2025/08/13/rebecca-lynn-spins-out-of-canvas-ventures-to-found-canvas-prime-as-solo-gp/
Ultraviolette,$21M,,Electric motorcycle company,"Bangalore, India",TDK Ventures,https://ultraviolette.com/,2025-08-13,https://fortune.com/2025/08/13/rebecca-lynn-spins-out-of-canvas-ventures-to-found-canvas-prime-as-solo-gp/
Lyten,$200M,Growth,Lithium-sulfur battery manufacturing technology,"San Jose, CA",,https://lyten.com/,2025-08-11,https://www.keepcool.co/p/battery-boom-still-goin-strong-a010
DISA Technologies,$30M,Series A2,Dry mineral separation systems that recover metals without using water or chemicals,"Casper, WY","Evok Innovations, Constellation Technology Ventures",https://www.disausa.com/,2025-08-11,https://www.keepcool.co/p/battery-boom-still-goin-strong-a010
AIR,$23M,Series A,Shared-architecture eVTOL aircraft development,"Haifa, Israel",Entrée Capital,,2025-08-11,https://www.keepcool.co/p/battery-boom-still-goin-strong-a010
Still Bright,$18.7M,Seed,Vanadium-based copper extraction technology,"Newark, NJ",Breakthrough Energy Ventures,https://www.stillbright.co/,2025-08-11,https://www.keepcool.co/p/battery-boom-still-goin-strong-a010
BioConsortia,$15M,,Nitrogen-fixing corn seed treatment technology,"Davis, California",Otter Capital,https://bioconsortia.com/,2025-08-11,https://www.keepcool.co/p/battery-boom-still-goin-strong-a010
Tanso,$14M,Series A,Environmental data management platform for industrial companies,"Munich, Germany","HenQ, Fortino Capital",https://www.tanso.de/en,2025-08-11,https://www.keepcool.co/p/battery-boom-still-goin-strong-a010
MobyFly,$12.4M,Series A,Zero-emission electric hydrofoil ferry technology,"Port-Valais, Switzerland",Crédit Mutuel Impact,https://mobyfly.com/,2025-08-11,https://www.keepcool.co/p/battery-boom-still-goin-strong-a010
Orbital Operations,$8.8M,Seed,Hydrogen-fueled spacecraft development,"Huntington Beach, California",Initialized Capital,"https://www.indeed.com/q-orbital-operations-l-long-beach,-ca-jobs.html",2025-08-11,https://www.keepcool.co/p/battery-boom-still-goin-strong-a010
FloVision Solutions,$8.7M,Series A,AI-based food production analytics software,"South Bend, Indiana",Insight Partners,https://flovisionsolutions.com/,2025-08-11,https://www.keepcool.co/p/battery-boom-still-goin-strong-a010
Raise Robotics,$7.8M,Seed,Autonomous robots to enhance safety and efficiency in construction,"San Francisco, California",MaC Ventures,https://raiserobotics.ai/,2025-08-11,https://www.keepcool.co/p/battery-boom-still-goin-strong-a010
Wattch,$6M,Seed,Solar management and monitoring sensors and control systems,"Atlanta, Georgia",Spero Ventures,https://www.wattch.io/,2025-08-11,https://www.keepcool.co/p/battery-boom-still-goin-strong-a010
EVeez,$5.4M,Series A,eBike fleet subscription rental service,"Gurgaon, India",The Michael & Susan Dell Foundation,https://www.eveez.in/,2025-08-11,https://www.keepcool.co/p/battery-boom-still-goin-strong-a010
HydroLeap,$4.8M,Series A,Next-generation electrochemical wastewater treatment technologies,Singapore,Antares Ventures,https://www.hydroleap.com/,2025-08-11,https://www.keepcool.co/p/battery-boom-still-goin-strong-a010
AlterEco Pulp,$4.1M,Seed,Sustainable packaging from plant-based fibers,"Rome, Italy",Eureka! Fund,,2025-08-11,https://www.keepcool.co/p/battery-boom-still-goin-strong-a010
Pearl Edison,$3.3M,Seed,Home electrification software and contractor services,"Detroit, Michigan","New System Ventures, Commonweal Ventures",https://www.pearledison.com/,2025-08-11,https://www.keepcool.co/p/battery-boom-still-goin-strong-a010
Hylenr,$3M,pre-Series A,Modular clean fuel generation systems via Low Energy Nuclear (fusion) Reactions,"Hyderabad, India",Valour Capital,https://www.hylenr.com/,2025-08-11,https://www.keepcool.co/p/battery-boom-still-goin-strong-a010
Solidec,$2M,pre-seed,Modular reactors for cleaner chemical manufacturing,"Houston, Texas",New Climate Ventures,https://solidec.com/,2025-08-11,https://www.keepcool.co/p/battery-boom-still-goin-strong-a010
Maxi Mobility,$1.4M,,Electric fleet-as-a-service business,"Milan, Italy",UniCredit Bank,,2025-08-11,https://www.keepcool.co/p/battery-boom-still-goin-strong-a010
Flox,$1M,Seed,AI-powered wildlife deterrence systems,"Stockholm, Sweden",Unconventional Ventures,https://floxrobotics.com/,2025-08-11,https://www.keepcool.co/p/battery-boom-still-goin-strong-a010
Joby Aviation,$125M,,Urban air taxi business,"Santa Cruz, California",,https://www.jobyaviation.com/,2025-08-11,https://www.keepcool.co/p/battery-boom-still-goin-strong-a010
Sunly,$99M,,Renewable energy projects development,"Tallinn, Estonia","European Investment Bank, European Bank for Reconstruction and Development, SEB",https://sunly.ee/en,2025-08-11,https://www.keepcool.co/p/battery-boom-still-goin-strong-a010
Thermondo,$58.3M,,Flex financing program for heat pump installations,Berlin,,https://www.thermondo.de/,2025-08-11,https://www.keepcool.co/p/battery-boom-still-goin-strong-a010
Solynta,$23.3M,,Non-GMO hybrid potato breeding technology,"Gelderland, Netherlands",European Investment Bank,,2025-08-11,https://www.keepcool.co/p/battery-boom-still-goin-strong-a010
Mewery,$3.4M,,Cultivated pork production,"Brno, Czech Republic",Horizon Europe,https://www.mewery.io/,2025-08-11,https://www.keepcool.co/p/battery-boom-still-goin-strong-a010
Activate Capital,$500M,,Investment activity in Europe for climate-focused growth-stage ventures,San Francisco,,https://activatecap.com/,2025-08-11,https://www.keepcool.co/p/battery-boom-still-goin-strong-a010
Smart Infrastructure Ventures,$35M,,"Invest in early-stage B2B startups in AI, IT infrastructure, and energy","Leipzig, Germany",,https://smartinfrastructure.ventures/,2025-08-11,https://www.keepcool.co/p/battery-boom-still-goin-strong-a010
