id,name,tagline,domain,Location,Employees (Current),Employees: Growth YoY (%),Investment Stage,Last Funding Amount (USD),Investors,LinkedIn Profile (Founders/CEOs),In Energize Affinity,Affinty ID
7934da59-efbc-43f8-ae99-efe74160e5c3,Futraheat,High-temperature heat pumps provider,futraheat.com,"Surbiton, United Kingdom",,,,,,,False,283914183
3adf3aa5-8cb6-41a5-9739-89dcae7c0a38,Future,Debit-card company providing cash incentives for carbon footprint reductions,futureplc.com,"Silver Springs, Maryland",,,,,,,False,1604094
e8702346-db46-4d58-a7df-55baeb85336c,Future Energy Ventures,Venture capital platform created by E.ON investing in the energy landscape,fev.vc,,19.0,5.56,Investment Fund,65109000.0,The European Investment Fund,"Parsia Tayyebi 🌿 (Co-Founder, Senior Consultant): https://linkedin.com/in/parsiatayebi",True,263706745
7cc50ce2-1b5d-4dc8-a6b0-03a32e66eb80,Future Farm,Alternative protein producer,futurefarmtech.com,Brazil,,,,,,,False,148155329
fddb5613-98ab-4baf-9759-9c1f5334a2ee,Future Fields,Protein biomanufacturing using fruit flies,futurefields.io,"Edmonton, Canada",36.0,-2.7,Seed,11200000.0,Milad Alucozai of BoxOne Ventures,Matt Anderson-Baron (Chief Executive Officer): https://linkedin.com/in/mattandersonbaron,True,223816829
ffdc84ef-554e-490b-a5de-fdc081a3bedc,Future Meat Technologies,Plant-based meat producer,future-meat.com,Israel,,,,,,,False,152819982
78a9fca4-ac1e-45ea-b0bf-447c4c311be1,FutureProof Technologies,Climate risk analytics platform,futureprooftechnologies.net,"San Diego, CA",,,,,,,False,291870310
45bf714f-8123-4a43-aa81-06773e59a906,Fuuse,EV charging operating software company,fuuse.io,"Lancaster, United Kingdom",84.0,25.37,Series A,8700000.0,YFM Equity Partners,Michael Gibson (CEO): https://linkedin.com/in/michaelgibsonmiralis,True,283684906
d31d351e-e4bd-4404-bbe8-d3a6cc9aeaf1,fyto,Aquatic plant science automation,https://www.fyto.com/,,,,,,,,False,Not in Affinity
cc0d77ef-b168-47c4-955c-ad897ee04813,g2 reverse logistics,Reverse logistics technologies,,,,,,,,,False,Not in Affinity
5d356906-31ed-4c5d-ba7d-ff066b3f787d,ga drilling,Ultra-deep plasma geothermal drilling company,https://gadrilling.com/,,,,,,,,False,Not in Affinity
9641ce03-51ee-451d-b454-54602eedb544,gable.ai,Collaboration platform for software and data developers,,,,,,,,,False,Not in Affinity
9bb5c92e-8746-421f-abfb-2ae4261816da,gaeastar,Reusable clay cup producer,https://gaeastar.com/,,,,,,,,False,Not in Affinity
01166829-9dfc-436b-8ece-6d53ae097e8a,gaia biomaterials,Bioplastics developer,,,,,,,,,False,Not in Affinity
0ef35275-d4de-4f4d-af43-ba1baac10396,gaiascope,Wholesale electricity price forecasting startup,,,,,,,,,False,Not in Affinity
10a81e0e-7f40-47fa-8d5f-66eecd12ec7b,galatea technologies,Waste management logistics software for the oil and gas industry,,,,,,,,,False,Not in Affinity
0acf3378-19dc-4d11-8a3b-07bec9c4e721,galley solutions,Foodtech software platform,,,,,,,,,False,Not in Affinity
8e856cb7-d8b5-449b-b538-aa42ab9392bf,galttec,Solid oxide fuel cells for portable energy,https://www.galttec.com/,,,,,,,,False,Not in Affinity
1ebe1cd7-826c-439f-bee8-d33db000d195,galvanick,Industrial infrastructure cybersecurity,https://galvanick.com/,,,,,,,,False,Not in Affinity
32a2d8b7-a0eb-4f95-a522-c2c0f4dfe85c,galway sustainable capital,Sustainable infrastructure investment firm,,,,,,,,,False,Not in Affinity
63031e39-0e98-4534-af23-19f5260d7369,galy,Make cultivated cotton from plant cells,https://galy.com/,,,,,,,,False,Not in Affinity
da63f79e-e63f-40a2-9cd1-fb1efd3e5812,gamaya,Agricultural tech company,https://www.gamaya.com/,,,,,,,,False,Not in Affinity
5a107551-3df6-4c29-b6ac-53f563e3c800,garden,Open-sourced development automation platform,,,,,,,,,False,Not in Affinity
786c4582-b8b4-4db3-b1f4-8f6d43880ddb,gardyn,Way to grow food indoors and at home,,,,,,,,,False,Not in Affinity
c9dd05a0-b5ae-4e94-9a99-791e50f9852f,garuda aerospace,Drone-as-a-solution startup aimed at increasing efficiency in production,,,,,,,,,False,Not in Affinity
3f4b9bd3-367b-4a45-ae04-6e93c5596a5e,gather ai,Developer of computer vision and AI-powered warehouse inventory technology,https://www.gather.ai/,,,,,,,,False,Not in Affinity
7741637a-05ae-481c-84da-f46579ed3a24,gatik,Making autonomous vehicles for business-to-business short-haul logistics,https://gatik.ai/,,,,,,,,False,Not in Affinity
dea74bcc-9240-4328-acfc-c1ace54a0c9c,gaussion,Battery technology company,,,,,,,,,False,Not in Affinity
03301d63-95ab-48bf-a706-79d484fc8c7b,gavan,Make sustainable plant-based butter alternatives,,,,,,,,,False,Not in Affinity
1a601c97-051d-4f49-9d81-bebc9252ded2,gazelle wind power,Make floating platforms for offshore wind turbines,https://www.gazellewindpower.com/,,,,,,,,False,Not in Affinity
45a99e5d-eab4-476a-9902-99ed0e01995b,gdi,Developer of silicon anodes for lithium-ion batteries,,,,,,,,,False,Not in Affinity
ca6f25b8-cb65-46a9-84a8-46b89d58c105,gecko robotics,Robots and software for infrastructure inspection,https://www.geckorobotics.com/,,,,,,,,False,Not in Affinity
1e6cff0d-78fb-4261-a804-061579e8045f,gef capital,Private equity focused on climate investment,https://gefcapital.com/,,,,,,,,False,Not in Affinity
8c36c144-1fbc-47c6-b54a-7d81e9073286,geltor,Bio design startup making animal-free proteins,,,,,,,,,False,Not in Affinity
1da803f8-1fe3-4f22-9676-006e5c81e645,genecis,Startup developing compostable plastic from waste,,,,,,,,,False,Not in Affinity
49167964-1adf-4afc-9330-7b4e066f5af4,genecis bioindustries,Turning food waste into compostable plastics,,,,,,,,,False,Not in Affinity
c723f470-7901-40b1-8b58-48e005ea90f1,genemod,Workspace collaboration software platform for biopharma research,https://www.genemod.com/,,,,,,,,False,Not in Affinity
1f853931-f9d3-42bc-ba20-389656593a8d,general catalyst,Exploring an IPO to become the first U.S. venture capital firm to go public,,,,,,,,,False,Not in Affinity
dc451c1a-5837-4a4d-ba87-91d1b8f57b18,general fusion,Magnetized Target Fusion (MTF) nuclear energy developer,,,,,,,,,False,Not in Affinity
72baef3b-b769-477d-b3c0-ace4b7bfba3e,general galactic,Capture CO2 from the air and make synthetic methane,,,,,,,,,False,Not in Affinity
10548cbf-125c-4a75-baf4-ec767ba4c006,general matter,Producing high-assay low-enriched uranium fuel,https://generalmatter.com/,,,,,,,,False,Not in Affinity
5ddfe109-e491-42f4-8101-114c970040da,generate capital,Credit facility for cleaner energy assets,https://generatecapital.com/,,,,,,,,False,Not in Affinity
b4988173-c6b8-47cf-90f7-7b159c4e3061,generative engineering,Developer of software for modeling and testing designs,,,,,,,,,False,Not in Affinity
001b8210-40a2-4519-92ca-272d5a17de44,genia bioenergy,Biogas projects company,,,,,,,,,False,Not in Affinity
19edca06-d2c6-4027-9957-2d6e441094a3,genial care,Autism care company,,,,,,,,,False,Not in Affinity
d5067b2c-316a-4507-bdbe-c4b0a1e3a5f8,genlogs,Helps freight and logistics operators analyze data,,,,,,,,,False,Not in Affinity
bfa59dd9-0c25-4bc0-ba30-75ad8e58e899,genomatica,Maker of sustainable materials,,,,,,,,,False,Not in Affinity
37f09acd-343d-4760-8c52-e878e339fa72,gently,Second-hand clothing platform,,,,,,,,,False,Not in Affinity
39c47631-016e-4100-ba8e-7fa543898213,genus power infrastructure,Smart meter solutions provider,,,,,,,,,False,Not in Affinity
457265fc-f726-4517-aba1-83f6e62388aa,geologicai,Rock and resource digitization services,,,,,,,,,False,Not in Affinity
fcf78598-4042-4566-b166-55c841dc8962,geopura,Producer of hydrogen-based zero emission fuels,https://geopura.com/,,,,,,,,False,Not in Affinity
5661aa19-8668-4a84-9b80-82b20cebb8af,geothermal engineering limited,Geothermal plants operator and developer,https://www.geothermalengineering.co.uk/,,,,,,,,False,Not in Affinity
2b031811-9040-4657-be58-eb1e3c08d929,geox,Analyze climate-related real estate risks,https://www.geox.com/,,,,,,,,False,Not in Affinity
1b051201-be77-4ace-9888-352df999edca,gethenry,Provider of electric last-mile delivery bikes,,,,,,,,,False,Not in Affinity
15f0d01a-70e4-4af4-9786-29c016f1cc06,getmobil,Refurbished and recycled electronics marketplace,https://www.getmobil.com/,,,,,,,,False,Not in Affinity
8c05b33f-98c5-4a64-8610-7202fe3ee76f,ghgsat,Satellite-based emissions monitoring platform,https://ghgsat.com/,,,,,,,,False,Not in Affinity
826555da-2d88-436d-8a52-37f44ed82b57,giga storage,Large-scale energy storage developer,giga-storage.com,,,,,,,,False,Not in Affinity
42f6484e-06cd-4bc2-9be5-f42d75626ba7,gigacrop,Photosynthesis advancement company,https://www.gigacrop.com/,,,,,,,,False,Not in Affinity
5b3a46ca-070f-4a26-a98b-6cc3b47a1dfa,giraffe financial,IRA tax credits platform,,,,,,,,,False,Not in Affinity
aece5d41-e50e-4d39-8a6e-28c89044640b,girasole energies,Independent producer of photovoltaic electricity,,,,,,,,,False,Not in Affinity
49978896-3bd1-488d-bccb-1632eb766016,gireve,Connects mobility stakeholders with EV charging stations,https://gireve.com/,,,,,,,,False,Not in Affinity
e11f6bb0-0d5a-4348-976b-d20f2eb45c15,gitlab,Remote web-based development operations company,,,,,,,,,False,Not in Affinity
d6388c33-6e52-4b1d-81dc-3c2019b6266d,glacier,AI-powered robots to automate the sorting of recyclables,,,,,,,,,False,Not in Affinity
a8995454-77f9-4d27-9399-916a03534264,glassdome,Regulatory compliance and emissions tracking platform for manufacturers,,,,,,,,,False,Not in Affinity
8e00e7e8-86de-4605-937d-7d5d6fa607ec,glasspoint,Solar thermal provider for industrial decarbonization,https://www.glasspoint.com/,,,,,,,,False,Not in Affinity
023a496d-e9f0-49bc-b4b2-1fd87cf22152,glimpse,Battery quality monitoring solutions,,,,,,,,,False,Not in Affinity
45bd529a-45e2-4d4e-b95a-e34ac90d54c2,glint solar,Software for assessing sites for solar energy projects,https://glintsolar.com/,,,,,,,,False,Not in Affinity
3813832f-cfba-4e0b-a7df-cea45b516299,global sea mineral resources,Deep sea mineral exploration company,,,,,,,,,False,Not in Affinity
3a974dd2-56d9-4d2b-9d08-d8e47f7f3d4e,global surface intelligence,Utilizing satellite data to provide forestry analytics,,,,,,,,,False,Not in Affinity
bde2ff1c-a2d6-45ce-b409-d57fec74a090,global thermostat,Direct air capture company,,,,,,,,,False,Not in Affinity
e2830985-ad6c-4160-a33e-0b8baa6426f2,glowb,Residential solar startup,,,,,,,,,False,Not in Affinity
0861c104-fe7a-400a-a0b0-589db4a86e28,gnt,Invests in plant-based food challenges,,,,,,,,,False,Not in Affinity
8b43df82-24c4-46c9-815e-3468f2508e02,go eve,Rapid EV charging provider,,,,,,,,,False,Not in Affinity
4e884325-69d3-4c2a-905b-c0ed08a55326,go to-u,EV digital experience platform,,,,,,,,,False,Not in Affinity
ab27678c-6365-43ed-a435-acb9d9955d48,gobolt,Sustainable supply chain network developer,,,,,,,,,False,Not in Affinity
655144e9-c476-4dfc-9fce-1c5cd393259b,goegonetwork,EV charging infrastructure solution provider,,,,,,,,,False,Not in Affinity
c9e64d32-5ca8-4f2a-97ba-729e8d2d90a4,goexpedi,Supply chain and analytics for industrials and energy,https://www.goexpedi.com/,,,,,,,,False,Not in Affinity
dddfc803-7b13-4220-a0bf-fd5c969eb4e1,gogoro,Electric scooters and battery swapping platform,https://www.gogoro.com/,,,,,,,,False,Not in Affinity
f7de591a-a9b6-4b45-b740-2a9a10f0c1b3,gomboc.ai,Cloud infrastructure remediation platform,,,,,,,,,False,Not in Affinity
92e18291-98db-41aa-bfc1-d97b9936cdb4,gometro,Fleet management optimization software developer,https://www.gometro.com/,,,,,,,,False,Not in Affinity
04cffdb6-0626-4f35-b63b-7aeb894204f2,goodcarbon,Platform to help corporates build carbon credit portfolios,https://goodcarbon.com/,,,,,,,,False,Not in Affinity
f6fc1d3f-8fa5-48b5-b9f7-23f32c2756b6,goodleap,Solar financing company,https://www.goodleap.com/,,,,,,,,False,Not in Affinity
b1edbca4-ba03-4c40-9cfd-6611cf0ffe02,goodr,Surplus food management platform,,,,,,,,,False,Not in Affinity
31c9bd5d-1551-4e2f-8f7d-99f09f7c8255,goodsam foods,High-quality cocoa products from Colombia,https://goodsamfoods.com/,,,,,,,,False,Not in Affinity
685844fb-83e7-48d7-ba44-35a9e094fdf8,goodship,Platform for freight network orchestration and procurement,,,,,,,,,False,Not in Affinity
c0c3f6d8-8021-4198-8cdf-3da791de682e,goodwings,Sustainability tool for travel platform,https://www.goodwings.com/,,,,,,,,False,Not in Affinity
bc5b46c0-aef6-4cbd-8c73-f4c5afb0233c,gopeer,Educational technology pairing college students with K-12 students,,,,,,,,,False,Not in Affinity
a8a54c46-0a73-4389-99ac-37042ad01c24,gorilla,Cloud-based platform for energy providers,,,,,,,,,False,Not in Affinity
e160b974-c166-4f9d-877d-3667c1513eb5,gosu.ai,Developer of an AI-driven video coach,,,,,,,,,False,Not in Affinity
f9e75d7b-660b-4997-b20c-ad5b75dd9f42,gotham greens,Operator of tech-enabled greenhouses,,,,,,,,,False,Not in Affinity
12bbf9fe-6a0f-478a-8a80-797d3671fea7,goto global,Vehicle sharing tech platform,https://www.gotoglobal.com/,,,,,,,,False,Not in Affinity
519ccbb3-4361-4cf2-9d69-b55253c33faa,gouach,Manufacturer of eco-designed batteries,,,,,,,,,False,Not in Affinity
7a2990a5-7621-49de-a8e1-91c773876e69,gourmey,Cultivated meat company,,,,,,,,,False,Not in Affinity
d89ff5c9-5915-471c-807c-2791bc67a8ca,gozen bioworks,Lab-grown leather developer,,,,,,,,,False,Not in Affinity
6b6aca90-ba84-460c-9f1b-89952ec29214,gps renewables,Waste to energy tech company,,,,,,,,,False,Not in Affinity
e9247d27-fb19-4c70-b970-dda877ac2197,gr3n,Recycling company,,,,,,,,,False,Not in Affinity
fd568f8a-d197-49de-a957-06adadc47258,gradiant,Water and wastewater treatment solutions provider,,,,,,,,,False,Not in Affinity
6ad4b994-be30-4ce4-bbd5-110775d32974,gradient,Climate-friendly air conditioner with heat pump developer,https://gradient.com/,,,,,,,,False,Not in Affinity
f40b5f4d-da2e-495e-a417-319101952ac9,gradient comfort,HVAC solutions provider,https://gradientcomfort.com/,,,,,,,,False,Not in Affinity
4f2384ee-9e61-4ed3-a83f-db83b40a4881,gradyent,AI-powered digital twin platform for heating and cooling networks,,,,,,,,,False,Not in Affinity
9230a875-7845-474d-8ea6-f258a41bb323,grafana labs,Maker of an operational dashboard,https://grafana.com/,,,,,,,,False,Not in Affinity
684664d6-cf86-40cc-98c5-2ff424a94625,grafbase,Data platform for developers,https://www.grafbase.com/,,,,,,,,False,Not in Affinity
73d4178b-5ce9-47e8-88f6-b4fdc6ac0cc0,grainchain,Software platform for blockchain and IoT innovations for agriculture,,,,,,,,,False,Not in Affinity
eab56a63-95b7-4f09-8115-8dcd3aa6126d,granite source power,Battery energy storage developer,,,,,,,,,False,Not in Affinity
0f47e1c0-8610-4138-9b1b-47a20818f6b5,granta autonomy,Developer of autonomous unmanned aerial vehicles for intelligence and surveillance,https://grantaautonomy.com/,,,,,,,,False,Not in Affinity
9d353a78-f006-4a8d-a2b3-d9b44a9d9c51,granular energy,Helping companies match energy consumption with zero-carbon power around the clock,,,,,,,,,False,Not in Affinity
7ed926eb-212a-4ee9-9545-de2b33d4df94,granulate,Optimize infrastructure performance and costs through AI,,,,,,,,,False,Not in Affinity
094f9177-9a61-407c-9ef0-78a355da225c,graphenergytech,Highly conductive graphene electrodes developer,https://graphenergytech.com/,,,,,,,,False,Not in Affinity
4f2df2c1-3442-4650-802e-90ea25535167,graphite innovation & technologies,Green marine coating systems company,,,,,,,,,False,Not in Affinity
5d7a988a-337d-4a46-b86e-0d7073d7cee5,graphyte carbon removal,Permanent carbon removal platform,https://www.graphyte.com/,,,,,,,,False,Not in Affinity
a3dddb93-b40f-430d-9f2d-6cd9c04f0887,grassa,Extract protein from grasses,,,,,,,,,False,Not in Affinity
b04906d9-a4f5-4c38-b5d1-c6e7a39cdea2,gravithy,Low-carbon iron production using hydrogen,,,,,,,,,False,Not in Affinity
4dd9c583-e65f-4703-9348-06f4289a06bd,gravity,Provider of electric vehicle chargers and other EV infrastructure,https://www.gravity.com/,,,,,,,,False,Not in Affinity
5e4c8bf5-b2e7-4209-88db-5e6ed7dd60f8,green badger,SaaS developer for managing sustainable construction,,,,,,,,,False,Not in Affinity
c541345b-e6f4-4671-a62e-234e97bd4499,green eagle solutions,Automation software developer for the renewables sector,,,,,,,,,False,Not in Affinity
37f46c19-11de-4d45-bad2-209226d5d4d5,green energy park,Hydrogen and hydrogen derivatives production plant,,,,,,,,,False,Not in Affinity
810c34f0-2b1c-470c-bb37-2cb893282561,green flexibility,Large-scale battery storage systems,,,,,,,,,False,Not in Affinity
a11b04fe-766c-4244-98f4-9885ed58e388,green fusion,Software for optimizing apartment-building heating systems,,,,,,,,,False,Not in Affinity
3d1f5abd-0b0a-476b-b1c6-d7c6ec50dd90,green graphite technologies,Lithium-ion battery grade graphite developer,,,,,,,,,False,Not in Affinity
7197445d-320f-4de2-8d98-7792db0f318f,green gravity,Energy storage systems using mining shafts,https://www.greengravity.com/,,,,,,,,False,Not in Affinity
519f7dbd-dcc8-40ef-82b9-f0efe122a11f,green li-ion,Provider of battery recycling technology,,,,,,,,,False,Not in Affinity
5f7a8a58-46d3-4ae2-864a-e65a25b7ba78,green monday holdings,Plant-based food company,,,,,,,,,False,Not in Affinity
3f37f96e-4543-4dc4-8973-5edf0d77f5c0,green-got,Green banking service,,,,,,,,,False,Not in Affinity
8d881faa-74ce-402c-afbf-1224a7719f7c,green14,Turns industrial waste into high-purity materials,https://www.green14.com/,,,,,,,,False,Not in Affinity
718c0c30-1450-4ad4-848d-80e1abea4341,greenbird,Maker of smart meter software,,,,,,,,,False,Not in Affinity
fd0a0ab9-5058-475c-be67-d63e5db7fcb1,greencells group,Solar power plant developer,,,,,,,,,False,Not in Affinity
e8e4585c-2ff1-4765-ac2d-2a0104970d79,greencode ventures,Investment firm focused on European startups accelerating the green transition,,,,,,,,,False,Not in Affinity
4388cea6-9da9-4a69-a03e-e2a92eb772f2,greencollar,Environmental markets platform,,,,,,,,,False,Not in Affinity
d3d4db08-65e5-48c5-a79e-e4d48170348b,greencom networks,Energy information brokerage platform,,,,,,,,,False,Not in Affinity
498cf450-b043-49fe-9298-3587c6119073,greenely,Residential energy management software,https://greenely.com/,,,,,,,,False,Not in Affinity
535a4d1c-87bd-42c5-a176-76a36a3512cf,greener power solutions,Provider of clean mobile battery energy storage solutions,,,,,,,,,False,Not in Affinity
d7aa7be1-827d-4e76-83f4-0c10a71b5620,greeneye technology,AI precision spraying technology for ag applications,https://www.greeneye.ag/,,,,,,,,False,Not in Affinity
58b6c7c6-8138-4b6d-b48a-2ecf8557bca9,greeniron,Fossil free mining developer,https://greeniron.se/,,,,,,,,False,Not in Affinity
ddc71804-4fbf-4937-b552-53c5bd2e9bef,greenlabs,Agriculture value chain platform,,,,,,,,,False,Not in Affinity
21f601a9-e658-48d6-bfb8-77c39df05341,greenlane,EV truck charging site deployment,https://greenlane.com/,,,,,,,,False,Not in Affinity
beb3e5e9-094b-42f1-ada6-641be9aadead,greenlight biosciences,RNA-based sustainable agriculture technology developer,https://greenlightbiosciences.com/,,,,,,,,False,Not in Affinity
49befcbe-bc7f-403b-ad16-5baee45737ba,greenlight planet,Provider of solar-powered home energy products,,,,,,,,,False,Not in Affinity
f3b0499d-9f2a-4eb1-ad34-6a185ddda584,greenlite,Platform designed to accelerate the permit approval process for construction,https://www.greenlite.com/,,,,,,,,False,Not in Affinity
daa064db-2c45-4e05-bbba-4f2e4da110bd,greenly,Carbon emissions tracking and reduction solutions platform for SMEs,https://greenly.earth/,,,,,,,,False,Not in Affinity
bc86aa51-bcb0-4494-93ca-c740beb65dc9,greenlyte carbon technologies,Low temperature Direct Air Capture developer,,,,,,,,,False,Not in Affinity
53179cea-ad87-4368-856e-ea72afda5f9d,greenplaces,Climate platform,,,,,,,,,False,Not in Affinity
12f952d3-f138-40dc-b48b-b3b6664c2bdd,greenpod labs,Agri-biotech company focused on food waste,,,,,,,,,False,Not in Affinity
c1c458d2-e0fd-4b9d-bd67-3c8cda289555,Greenspark,Software platform for the metal recycling industry,greenspark.fr,"New York, NY",,,,,,,False,224921327
6b99475f-82cd-4910-a9de-abfef215579f,GreenStitch,Sustainability solutions for textiles service provider,greenstitch.io,"London, England",,,,,,,False,290596180
0ccb12dc-144b-4eee-ab36-a8b4318ce561,GreenStruxure,Leading energy supply and services company,greenstruxure.com,"San Francisco, California",65.0,-4.41,,15651900.0,,Jose Lorenzo (Chief Executive Officer): https://linkedin.com/in/jose-lorenzo-270a6174,True,281962992
83e18c39-04b2-47d8-8812-c2abe63d5e39,Greentech Alliance,Renewable energy solutions provider,greentech.earth,"Berlin, Germany",150.0,1.35,,,,,True,278672339
bdf44081-7d29-4202-a812-04354741c26c,Greentown Labs,Climate tech incubator,greentownlabs.com,"Somerville, Massachusetts",91.0,-17.27,PPP Loan,350000.0,U.S. Small Business Administration.,,True,1586101
b53abbac-02c1-4bd4-9e47-9b692a25550a,GreenTrade,Blockchain-based carbon credit and impact claims marketplace,greentrade.tech,Germany,,,,,,,False,284760074
19f31bea-9390-4660-87a9-89a39f6df048,Greenwood-Power,Medium voltage power grid sensors developer,greenwood-power.at,"Brunn am Gebirge, Austria",,,Series A,5100000.0,tecnet equity,Norbert Juschicz -  Sensors for Smart Grids (CEO and Co-founder): https://linkedin.com/in/norbert-juschicz-sensors-for-smart-grids-504143123,True,224626777
d61dfe25-43f8-45da-a287-e6eb00a4f566,Greenwork,Placing workers in energy jobs,joingreenwork.com,"San Francisco, California",11.0,0.0,Other,2248800.0,,Sam Steyer (Co-Founder and CEO): https://linkedin.com/in/sam-steyer-a9162a36,True,283015701
a6cd5798-3c10-4054-887e-f0704501b009,Greyparrot,AI-powered analytics platform for the waste industry,greyparrot.ai,"London, United Kingdom",54.0,5.88,Other,,TI Capital,Marco Paladini (Co-Founder and Senior Engineer): https://linkedin.com/in/marco-paladini,True,220926482
1ead2bbd-5af7-4960-8618-bd50cfd78d22,Greyter,Provider of water reuse systems,greyter.com,"Mississauga, Canada",,,,,,,False,163301881
ccd973bc-fbc1-4489-94a0-2852a515b598,Grid Edge,AI platform for energy use reduction,gridedge.ai,"Birmingham, U.K.",,,,,,,False,129729953
1bbb11a6-1741-49d1-9fc4-b257d7a453fc,Grid Status,Electric grid data and analytics platform,gridstatus.io,"Chicago, Illinois",11.0,175.0,,8000000.0,Evergreen Climate Innovations,Connor Waldoch (Head of Product and Founder): https://linkedin.com/in/connorwaldoch,True,291173443
68f3aece-fd91-4ced-ac21-6753a11bb0fc,GridBeyond,Energy management software for large businesses,gridbeyond.com,"Saggart, Ireland",158.0,2.6,Series C,52000000.0,Total Carbon Neutrality Ventures,Richard O' Loughlin (Deputy CEO): https://linkedin.com/in/richard-o-loughlin-50060714,True,1740501
8f9cdb38-77fa-4c94-bf2a-290382e1fdd9,gridbeyond storage,Battery energy storage project development,https://gridbeyond.com/,,,,,,,,False,
f17f5493-a501-45f5-aa9f-b5a391151ea1,GridCARE,Software for detecting underutilized energy assets,gridcare.ai,"Redwood City, California",,,,14079825.0,,,True,299989573
385b4720-8b45-439a-863d-d7b12c573885,Gridcog,"Distributed energy simulation, optimization, and tracking software",gridcog.com,"London, United Kingdom",33.0,50.0,Series A,3300000.0,AlbionVC,Fabian Le Gay Brereton (Co-Founder and CEO): https://linkedin.com/in/fabianb,True,289267799
a8cb82a2-02ee-48ba-87e5-55ff68ef5dca,GridFree AI ,AI platform for data center optimization,gridfree.ai,"Houston, Texas",,,,5000000.0,Amplo,Craig Simpson (Founder and Director): https://linkedin.com/in/craigasimpson,True,303547466
d45628eb-b87c-488a-9ba7-e0b0f2b58a89,GridIO,Software platform for smarter EV charging,gridio.io,"Tallinn, Estonia",11.0,10.0,Seed,2400000.0,Encevo,Konrad Hanschmidt (Cofounder and CEO): https://linkedin.com/in/konradhanschmidt,True,224116078
935f72e2-45d2-42a0-bdef-a407c639763e,Gridium,Decarbonization software for commercial real estate,gridium.com,"Menlo Park, California",40.0,-9.09,Series A,14000000.0,"Mitsubishi HC Capital America, Inc.","Adam Stein (VP of Product, co-founder): https://linkedin.com/in/adamstein",True,1621793
0a89dd07-2a67-422b-b71a-c1e6a8d1b99f,GridMatrix,Traffic analytics solutions company,gridmatrix.com,"San Francisco, CA",,,,,,,False,281340667
ae10e700-add4-4437-a957-044a46c13821,GridPoint,Provider of energy management systems for commercial buildings,gridpoint.com,"Reston, Virginia",174.0,-13.86,Other,45000000.0,Shell Ventures,Mark Danzenbaker (CEO): https://linkedin.com/in/markdanzenbaker,True,1515788
a0c010b7-7e1d-4110-8edf-73e1ff1089ae,Grid Raven,Grid transmission using dynamic line rating (DLR) developer,gridraven.com,"Tallinn, Estonia",8.0,60.0,Series A,4000000.0,Icebreaker.vc,Henri Manninen (Co-Founder and CTO): https://linkedin.com/in/henri-manninen-0b683a13b,True,294742047
092112cc-130a-4332-b170-413f6e3640d9,Gridsight,AI-powered grid insights platform,gridsight.ai,"Wollongong, Australia",37.0,32.14,,5060475.0,,Hugh Chan (Co-Founder and Technology Lead): https://linkedin.com/in/hugh-chan-0995b370,True,279382861
f3928b89-8621-4c64-871d-91640077d3d4,Gridtential Energy,Lead battery developer,gridtential.com,"Santa Clara, CA",,,,,,,False,1610148
035f165d-7829-4424-9ba2-2d1a5c00bfd6,Gridware,Startup focused on protecting electric grids from wildfires,gridware.io,"San Francisco, California",62.0,14.81,Series A,26400000.0,Lowercarbon,Hall Chen (Co-Founder & Director of Engineering): https://linkedin.com/in/hallchen,True,264980343
d7379486-27d5-49e2-bd2d-1a2d3929d9fa,GridX,Enterprise rate platform provider for utilities and energy tech companies,gridx.com,"Milpitas, California",93.0,10.71,Series C,40000000.0,Moore Strategic Ventures (MSV),Chris Black (Chief Executive Officer): https://linkedin.com/in/chrisblackco,True,1619823
0af503e0-dc44-4738-8a06-b7e49f345b5b,Gripp,Agricultural equipment operation,gripp.co,"West Lafayette, Indiana",,,,,,,False,39079780
3c3ffab0-ae3c-470e-aef3-6289e4bca201,gro intelligence,Agricultural data platform,,,,,,,,,False,Not in Affinity
cea627a1-03a4-4771-b813-347e4968c695,groguru,Water management platform for farmers,,,,,,,,,False,Not in Affinity
68bbfda1-c5b7-40a5-ae08-76f40c1d62da,gropyus,Using robots to build homes faster and more sustainably,https://gropyus.com/,,,,,,,,False,Not in Affinity
f3331045-4618-4d93-a0be-52d0c732d312,gross-wen technologies,Using algae to clean wastewater,,,,,,,,,False,Not in Affinity
6a26534a-7e19-4a2d-af7f-0e4d2f0327e1,grounded,Smart and modular electric camper vans,https://grounded.com/,,,,,,,,False,Not in Affinity
59f47bb1-9ca5-49f3-bc1b-a86afd267376,grounded foods,Maker of dairy cheese alternatives,,,,,,,,,False,Not in Affinity
8bc13147-80ba-4f37-897e-881975b72bc4,groundley,Construction logistics management platform,,,,,,,,,False,Not in Affinity
01a20319-40a9-4f75-9134-44ef85494d1b,groundlight,Computer vision accessibility platform,https://groundlight.com/,,,,,,,,False,Not in Affinity
2fcde5e0-4fe2-417e-8725-e6fef0f538c6,groundwork bioag,Developing crop-enhancing mycorrhizal inoculants,,,,,,,,,False,Not in Affinity
9bb72baa-c46b-4939-a932-6b0585a0c0b2,group14 technologies,Provider of lithium-ion battery materials,https://www.group14.technology/,,,,,,,,False,Not in Affinity
89bd33a9-81fe-4c2d-8c9c-20af6d9d880a,grover,Circular consumer electronics subscription platform,https://www.grover.com/,,,,,,,,False,Not in Affinity
d8f6fd8b-7f78-4004-aec2-af1b6636d694,grow indigo,JV between Indigo Ag and Mahyco Grow developing biological fertilizers and pest management,,,,,,,,,False,Not in Affinity
2393f16d-c6f7-4353-a251-294c89c04e42,growcer,Vertical farming business,,,,,,,,,False,Not in Affinity
7b55f427-3683-4bdf-8475-f146f17d4957,growers edge,Fintech startup focused on agriculture,https://growersedge.com/,,,,,,,,False,Not in Affinity
0cb77e34-5676-4a58-8c60-fda164068e45,growup farms,Vertical farms company,,,,,,,,,False,Not in Affinity
d16eca00-bb70-41fb-afa9-d3c283cb2ddc,grubbly farms,Producer of insect-based feed for backyard chickens,https://www.grubblyfarms.com/,,,,,,,,False,Not in Affinity
8cd4dd6e-6102-42ef-b2c9-beab3b2fa9c5,grunfin,Sustainable investing platform,,,,,,,,,False,Not in Affinity
8e0ec8a4-dc9d-4899-bd55-2bf0804a60ae,gryd energy,Subscription service for solar panels and battery systems,,,,,,,,,False,Not in Affinity
3ad74396-06ba-4482-b961-34c2f5793fff,gryps,Robotic process automation startup,https://www.gryps.com/,,,,,,,,False,Not in Affinity
be7078af-0222-4b14-8f86-19fd8d24c833,grünfin,Sustainable investing platform,,,,,,,,,False,Not in Affinity
25c861e2-f05e-4af7-b04d-b814f09b536b,gs power partners,Develop independent power production projects,,,,,,,,,False,Not in Affinity
4d3737b8-c926-44ca-a95e-04fcd836f051,gt green technologies,Wind propulsion systems for the maritime industry,,,,,,,,,False,Not in Affinity
747dee85-a75f-4cd9-ba0f-2f99923568fd,guangdong gaojing solar energy technology,Solar energy technology company,,,,,,,,,False,Not in Affinity
b95aba58-1039-4112-b476-eac6fa94b25e,guardian agriculture,Electric vertical take-off and landing systems developer for sustainable farming,,,,,,,,,False,Not in Affinity
37bd509b-ee72-4cd4-b4e8-1ca52f003604,guided energy,Electric fleet charging management platform,,,,,,,,,False,Not in Affinity
49f66baf-57a5-48c1-9282-02cda2d28d7b,guidewheel,Industrial IoT efficiency SaaS platform,https://www.guidewheel.com/,,,,,,,,False,Not in Affinity
1ba781b7-6119-4e11-ad00-210bcf29dfb3,h cycle,Low-carbon hydrogen developer,,,,,,,,,False,Not in Affinity
87a16483-45e0-473a-8e5a-5f10d7819dac,h2,Vanadium flow batteries,https://www.h2.com/,,,,,,,,False,Not in Affinity
745feb7c-348e-42bc-a8f8-09d39f4b7017,h2 green steel,Decarbonized steel production manufacturer,,,,,,,,,False,Not in Affinity
8a2ded14-50d1-41c7-ad94-fe72ef126876,h2o.ai,A.I. cloud company,https://h2o.ai/,,,,,,,,False,Not in Affinity
4ef579a6-7887-4654-8395-7a1ce3c978c8,h2pro,Green hydrogen production company,https://www.h2pro.co/,,,,,,,,False,Not in Affinity
43521b43-a3d2-4def-929b-78fc27b8be21,h2scan,Provider of hydrogen sensors for electricity utilities and industrial markets,,,,,,,,,False,Not in Affinity
f7efdfdb-9bf4-43a3-843c-a2d06757e8b9,h2site,On-site hydrogen production and purification,https://www.h2site.eu/,,,,,,,,False,Not in Affinity
a0086879-fed6-4412-a240-af0a52fa6659,h2u technologies,Hydrogen catalyst discovery platform,,,,,,,,,False,Not in Affinity
76bac018-b6d1-4263-993f-ca4c2e3c38de,h3 dynamics,Aerial decarbonization company,https://h3dynamics.com/,,,,,,,,False,Not in Affinity
d22a3138-d4e6-44d0-88f9-fe5576e20139,h3x,Make electric motors,,,,,,,,,False,Not in Affinity
ceca6f76-5e01-4196-89ae-2d54661dc6d7,h3x technologies,High power density electric motors manufacturer,,,,,,,,,False,Not in Affinity
4a5723a2-cc78-430e-a95b-be4b6b9c72d7,h55,Developing electric aviation propulsion solutions and battery systems,https://www.h55.ch/,,,,,,,,False,Not in Affinity
79891cdd-cece-492b-b836-9649136dc3d8,haast,AI-powered compliance platform,https://www.haast.com.au/,,,,,,,,False,Not in Affinity
bca8d468-c394-415b-9f7e-9b4dcc245030,haaven,Platform for environmentally-friendly construction,,,,,,,,,False,Not in Affinity
4b6bc81e-9882-4224-91a6-f569a2f84180,haber,AI-powered automation services for manufacturers,,,,,,,,,False,Not in Affinity
bd66590f-0b71-4a21-a34b-caa777a97a8b,habiterre,Environment systems models for agricultural productivity,,,,,,,,,False,Not in Affinity
f7b6e117-170c-4db9-a666-db5c148b7b6c,hai,Maker of smart showerheads,https://www.hai.com/,,,,,,,,False,Not in Affinity
8bce4510-af94-4429-bd13-67559312b32a,halcyon,Data intelligence and AI-powered search service for energy transition,https://www.halcyon.io/,,,,,,,,False,Not in Affinity
3a0bf034-80dd-4b1d-adfb-c7b3ed882f4d,happy plant protein,Make plant-based proteins,https://www.happyplantprotein.com/,,,,,,,,False,Not in Affinity
2dab7043-aa64-41c3-97f1-5e4a05896a5e,happyvore,Plant-based meat company,https://www.happyvore.com/,,,,,,,,False,Not in Affinity
8b6081ee-561e-4246-91b4-238c123518cf,harbinger,Startup specializing in electric medium-duty trucks,,,,,,,,,False,Not in Affinity
02c7859d-fcee-4776-bcf8-2c3143886273,harbor,Emergency preparedness platform,,,,,,,,,False,Not in Affinity
9c5e0520-6327-44c9-b956-e983a677415d,hardt hyperloop,Hyperloop network,https://hardt.global/,,,,,,,,False,Not in Affinity
d519ba3b-549d-4213-99d9-88bd95efbf34,harpe bioherbicide solutions,Sustainable weed-management solutions startup,,,,,,,,,False,Not in Affinity
52363e34-2185-4d6c-80cb-6f0581d7ae35,harvest thermal,Smart thermal battery heating system developer,,,,,,,,,False,Not in Affinity
399f9963-68a3-4d7b-b6e8-d9388cee0653,hauler hero,Waste management operations optimization software,,,,,,,,,False,Not in Affinity
f79759ef-6a9e-4f80-933c-3ab70888f08c,haven energy,Home battery system provider,https://www.havenenergy.com/,,,,,,,,False,Not in Affinity
f25ab631-e500-4ac1-bff7-79cecc7f203a,hawkeye 360,Radio frequency-focused earth observation company,,,,,,,,,False,Not in Affinity
44aec20d-c4f2-4410-85d9-01a4cf3f8b77,hayden ai,Geospatial analytics and data platform,https://hayden.ai/,,,,,,,,False,Not in Affinity
6e07f276-8683-4419-a07c-05aaa428ed42,hazel technologies,Agricultural technology company focused on food waste,https://www.hazeltechnologies.com/,,,,,,,,False,Not in Affinity
5fbc13b8-bc16-481f-89aa-2daf05b15ab1,hazer group,Methane pyrolysis technology developer,,,,,,,,,False,Not in Affinity
26d18bba-5012-4059-ae34-e6da94d6bef0,hcvc,Investment firm,,,,,,,,,False,Not in Affinity
bd4d083b-ebf4-4ef0-9fc2-2ea92167789e,hdata,"Developer of AI technology designed to help the U.S. energy industry file, explore, analyze, and leverage regulatory data",,,,,,,,,False,Not in Affinity
1ee5d935-e887-4210-a591-70b77941cc9f,healthmate,Wearable health monitoring devices,https://www.healthmate.com/,,,,,,,,False,Not in Affinity
1fe4bff9-cadb-4870-a785-8b02ebbfd2f1,healthsync,Digital health engagement platform,https://www.healthsync.com/,,,,,,,,False,Not in Affinity
28e8c988-289e-45f8-aaf3-257a3f51e8ca,heart aerospace,Electric regional airliner,https://heartaerospace.com/,,,,,,,,False,Not in Affinity
779366b2-57e4-43f0-ac2f-6ffeb428e9b4,heartcore capital,Invests in startups across various areas,,,,,,,,,False,Not in Affinity
062324b8-142b-4b27-8d83-1f540d338cde,heat geek,Digital platform for HVAC engineers,https://www.heatgeek.com/,,,,,,,,False,Not in Affinity
fcef0c08-84b4-4370-b1ac-511becc60812,heaten,Developer of a high-temperature heat pump for industrial use,https://heaten.com/,,,,,,,,False,Not in Affinity
fe8c8bfc-26f9-4813-88c2-111b1f136fd5,heatio,For its residential energy management and VPP platform,https://heatio.com/,,,,,,,,False,Not in Affinity
2141ce56-23e6-4874-8516-3b3c6f898975,heattransformers,Heat pump installation platform,https://heattransformers.com/,,,,,,,,False,Not in Affinity
faa0947d-59eb-45b0-9fa9-ffda4bbf500e,heavyfinance,Investment marketplace for sustainable agriculture,https://heavyfinance.com/,,,,,,,,False,Not in Affinity
12ec2ee7-3495-4e3c-bf83-d5f8e3f63a65,hectare,Software provider for agriculture supply chains,,,,,,,,,False,Not in Affinity
e74e8bda-fdf1-4a4d-87f8-c3f1a406f23c,hedera-22,Biomolecule for bio-pesticide development,https://www.hedera22.com/,,,,,,,,False,Not in Affinity
dfd30c02-e566-4243-914b-719acbc6e2c2,hedosophia,Dedicated secondaries fund for growth-stage companies,,,,,,,,,False,Not in Affinity
43c2e7e1-8462-4acf-803d-c8f95fb976bf,heila technologies,Modular energy platform which connects and optimizes distributed energy resources,https://heilatechnologies.com/,,,,,,,,False,Not in Affinity
e286c89f-ad46-498f-9def-1d8bce70c436,heimdall power,Power grid monitoring company,https://heimdallpower.com/,,,,,,,,False,Not in Affinity
adf0bd57-13aa-4065-ad33-f01b04db4b76,heirloom,Direct air capture leveraging limestone to remove carbon dioxide,https://www.heirloomcarbon.com/,,,,,,,,False,Not in Affinity
3a5c93fe-87a9-4734-9e51-8a814eadf86c,heirloom carbon technologies,Carbon removal startup,https://www.heirloomcarbon.com/,,,,,,,,False,Not in Affinity
5c1eecee-83da-4de0-a154-6ed96e00481d,helaina,Uses precision fermentation to recreate immune-equivalent proteins,,,,,,,,,False,Not in Affinity
827a10d4-160f-4618-8241-3c3a2bfdee20,helical fusion,High-Temperature Superconducting (HTS) cable technology manufacturer,https://helicalfusion.com/,,,,,,,,False,Not in Affinity
d0fbbebb-77ea-429a-8556-a22cb0a181ed,heliene,Solar PV module manufacturer,https://heliene.com/,,,,,,,,False,Not in Affinity
fda790d0-a271-4b46-90f7-6d8f4ca03bf8,heliogen,Renewable energy tech company,,,,,,,,,False,Not in Affinity
4b64e52b-1180-499d-8e90-934d3bcaf152,helion energy,Fusion energy startup focused on a magnetic confinement approach,https://helionenergy.com/,,,,,,,,False,Not in Affinity
0df099ba-1ba2-40af-aaf0-06f5700892cf,helios,Developer of low-carbon steel production solutions,,,,,,,,,False,Not in Affinity
9657a6a0-0027-4499-a7bb-41b5b6267eea,helix earth technologies,Make more efficient commercial A/C systems,https://www.helixearth.com/,,,,,,,,False,Not in Affinity
d5067d0d-06c6-4e17-8ed6-fea76552211e,helixintel,HVAC management platform,https://www.helixintel.com/,,,,,,,,False,Not in Affinity
0a916fcf-cff1-4562-8c1b-b410e6ff947f,hellas direct,Climate risk-based insurance platform,,,,,,,,,False,Not in Affinity
ec9f2758-bb0d-4cf5-afb9-75937ff4efce,hemav,Agricultural platform aiming to reduce input costs,https://hemav.com/,,,,,,,,False,Not in Affinity
1fc5cfaf-8f45-4045-b001-bbf7b1cd7f97,hen nozzles,Better nozzles for firefighting,https://www.hennozzles.com/,,,,,,,,False,Not in Affinity
c0eb37f6-174b-47fe-8664-691d8e7bf1f1,herb&co,Plant-based food company,,,,,,,,,False,Not in Affinity
42671b0f-5216-41f7-b885-407c3f223bfd,heritable agriculture,Plant breeding and biotech startup,,,,,,,,,False,Not in Affinity
feaeb9a1-adb1-4af9-bdab-dfbd547e1079,hero future energies,Clean tech company,,,,,,,,,False,Not in Affinity
0c0cdc59-b55d-483a-930c-13d8b80344ab,heura foods,Alternative protein developer,https://heurafoods.com/,,,,,,,,False,Not in Affinity
be92969d-67f7-49d5-b55a-52cbc2e3341a,hexafarms,"AI-powered software designed to monitor, control, and optimize greenhouses and vertical indoor farms",,,,,,,,,False,Not in Affinity
69c9fbb5-c9c8-4b41-b248-9ec513f226c1,hexium,Laser-based technology to separate lithium isotopes,,,,,,,,,False,Not in Affinity
3bca2c70-0180-4abe-acde-407381caed14,heycharge,Provider of underground charging solutions,,,,,,,,,False,Not in Affinity
493005f6-23d7-4af6-b9a2-4022f25ce243,hgen,Providing green hydrogen for decarbonization efforts,https://hgen.com/,,,,,,,,False,Not in Affinity
e869e2bd-900e-46eb-9d4a-e7471d30d1e7,hiddenlayer,Security platform for machine learning models,,,,,,,,,False,Not in Affinity
a35ce8c5-42c3-401a-9287-a36eb96721dc,hif global,E-fuel project developer,https://hifglobal.com/,,,,,,,,False,Not in Affinity
810d61b9-0029-4c10-963d-9326292f70e8,higharc,"Homebuilding platform for design, sales, and construction",https://www.higharc.com/,,,,,,,,False,Not in Affinity
261a6cdd-a493-45cd-a6bb-087855934a01,highland electric transportation,Electric school bus maker,,,,,,,,,False,Not in Affinity
899dd20a-8880-46a0-913c-b620c231d51b,highview power,Liquid air energy storage developer,https://www.highviewpower.com/,,,,,,,,False,Not in Affinity
505f4e7e-5c5d-4d85-8137-70030772e56f,highwood emissions management,Emissions management software and services firm,https://www.highwoodemissions.com/,,,,,,,,False,Not in Affinity
1e541690-d447-4745-b99e-d3699903913e,hippo harvest,Sustainable agriculture company,,,,,,,,,False,Not in Affinity
f512f896-24ca-4d73-b59b-2bc44889046f,hitachi ventures,Corporate venture fund,https://www.hitachi.com/,,,,,,,,False,Not in Affinity
cac5f27f-fc20-4805-aa8a-3b129433b4c4,hithium,Lithium-ion battery manufacturer,https://hithium.com/,,,,,,,,False,Not in Affinity
43f5a859-bb35-4b5e-9943-971755723684,hive,Collaboration and productivity platform,https://www.hive.com/,,,,,,,,False,Not in Affinity
989bacc9-a1b4-4cbf-87d4-28af8c11d94a,hive technologies,EV leasing platform,,,,,,,,,False,Not in Affinity
08390eeb-78f3-4ef1-9aa0-e4e9098489ce,hived,AI-powered parcel delivery solution,,,,,,,,,False,Not in Affinity
19b2ef18-e626-4894-bbbf-f37d983571e6,hohm energy,Residential solar startup,,,,,,,,,False,Not in Affinity
527b8540-a365-4700-8890-6ca68f8715ce,hohonu,24/7 water level monitoring start-up,,,,,,,,,False,Not in Affinity
b5cfe26f-a678-4fa9-b7c7-0010d6059c17,holy grail,Startup prototyping a small and modular direct air carbon capture device,,,,,,,,,False,Not in Affinity
25152182-3ad6-43f2-b37b-73d4339c06e9,homeboost,Home energy platform,https://www.homeboost.com/,,,,,,,,False,Not in Affinity
31ecd7c8-dc44-4197-89a4-0ab610ffc6ae,hometree,Renewable energy system home maintenance platform,,,,,,,,,False,Not in Affinity
f4e0ffb0-9d14-42af-920a-9e593ee51cfe,hometree group,Home energy services company,,,,,,,,,False,Not in Affinity
f1444d30-801a-4333-bdd9-7d5e4c514849,honeycomb,Engineering observability platform,https://www.honeycomb.io/,,,,,,,,False,Not in Affinity
a1503195-203f-4e52-ae1c-36c9b40e661a,hoofprint biome,Enzymes developer to reduce cows’ methane emissions,https://hoofprintbiome.com/,,,,,,,,False,Not in Affinity
2cde7831-baca-4e07-9eea-3db8dc9a8d22,hooray foods,Plant-based meat producer,,,,,,,,,False,Not in Affinity
6c89ec27-ba8f-486a-b36a-4d2ab5350861,hors normes,Food waste startup,,,,,,,,,False,Not in Affinity
168929d1-9a64-44b6-bf1a-cb793342de20,hort innovation,VC fund for early-stage startups in sustainability,,,,,,,,,False,Not in Affinity
2568630b-6e1d-4e9e-8925-5da227dddfe4,howgood,Sustainability data startup for consumer packaged goods and food products,https://www.howgood.com/,,,,,,,,False,Not in Affinity
f1125a83-b702-45e3-8c07-675aa3811dda,hoxton farms,Producing cell-based animal fats,,,,,,,,,False,Not in Affinity
9827dc79-9b00-4348-af9b-899febef532d,hozon,Intelligent EV startup,,,,,,,,,False,Not in Affinity
1d17a358-55a8-4a85-9189-b49d1f937b8e,ht materials science,Developer of smarter heat transfer fluids for HVAC,https://htmaterialsscience.com/,,,,,,,,False,Not in Affinity
dc2d0cda-87d5-422f-ad22-59a2fcb20d35,hubcycle,"Affordable, sustainable food ingredients",,,,,,,,,False,Not in Affinity
2e0fa39a-c995-4cc5-be2e-a73a379f1e64,hula earth,Provide real-time biodiversity data,,,,,,,,,False,Not in Affinity
2d3ee97d-62f4-4074-aebb-66edee337cf2,humanforest,E-bike service platform,https://www.humanforest.co.uk/,,,,,,,,False,Not in Affinity
b14e12fc-41fb-46dd-8e30-bf443515693f,humble bee bio,Using synthetic biology derived from bees to make bioplastics,,,,,,,,,False,Not in Affinity
b0ca5bc1-16da-4a49-a204-b3f9d4266c32,humming homes,Home management software company,,,,,,,,,False,Not in Affinity
15c84348-d689-49dc-8e74-72ab9620e102,hummingbird technologies,Tech platform that evaluates condition of agricultural fields,,,,,,,,,False,Not in Affinity
cd07e893-3ffa-4c52-87e6-a0cc5ea43ff9,hungry planet,Plant-based meat company,,,,,,,,,False,Not in Affinity
a6036032-ec01-4066-95cb-59671c7d81d0,huue,Bio-based dyes company,,,,,,,,,False,Not in Affinity
38dacd82-2b3d-4c30-b390-5d5e1a99d2ab,hy2gen,Green hydrogen producer,https://www.hy2gen.com/,,,,,,,,False,Not in Affinity
e27a488f-c1e9-4d95-b312-ad59e02b20a7,hyaxiom,Hydrogen fuel cells developer,https://hyaxiom.com/,,,,,,,,False,Not in Affinity
14f68a53-9bd8-44ac-8e05-288f11327d83,hybar,Scrap metal recycling developer,https://hybar.com/,,,,,,,,False,Not in Affinity
e2f8d6b3-5b73-406d-90f0-d536e98f6d97,hybrid energy,Monitoring electricity usage for energy efficiency,,,,,,,,,False,Not in Affinity
6515c218-d6b7-42e7-af6f-868593b005f3,hycamite,Lower-carbon hydrogen from methane,https://www.hycamite.com/,,,,,,,,False,Not in Affinity
01e7ee53-6039-47a0-be04-7165257c90b5,hydgene,Producer of hydrogen using synthetic biology,https://www.hydgene.com/,,,,,,,,False,Not in Affinity
0751e054-a050-47a9-9a6b-381d679745f2,hydregen,Developer of bio-based catalysts,,,,,,,,,False,Not in Affinity
2fd70e11-0e3e-404a-8355-1c78be21196f,hydrogen mem-tech,Hydrogen separation membrane provider,,,,,,,,,False,Not in Affinity
82f7a288-3e7b-4561-985e-97272acb4201,hydrogenera,Developing hydrogen electrolyzers,https://hydrogenera.com/,,,,,,,,False,Not in Affinity
52ed63ad-4e7c-423c-b356-fe2ba818563e,hydrogenious,Hydrogen storage startup,https://hydrogenious.net/,,,,,,,,False,Not in Affinity
604ce655-9cbb-499e-a707-8cc002ea199a,hydrogenpro,Hydrogen electrolyzers developer,https://www.hydrogen-pro.com/,,,,,,,,False,Not in Affinity
671161f3-d97e-4c41-8488-66e35c359645,hydrogrid,Software startup for planning and dispatch of hydropower plants,,,,,,,,,False,Not in Affinity
be186123-0d9d-40f0-a930-41bfe6acb682,hydroleap,Wastewater treatment developer,,,,,,,,,False,Not in Affinity
6650cd26-c6c4-4f61-8fe4-e6d15804a303,hydrosat,Satellite startup measuring ground temperature data,https://hydrosat.com/,,,,,,,,False,Not in Affinity
432ab758-0254-464c-9e28-69670c78930c,hydrostor,Developer of advanced compressed air energy storage projects,https://hydrostor.ca/,,,,,,,,False,Not in Affinity
dab627ca-f2c4-48da-a5f5-175873c69f39,hygenco,Green hydrogen and green ammonia developer,,,,,,,,,False,Not in Affinity
23eed794-60e9-436e-a50f-99d810ffe347,hylane,Hydrogen truck leasing company,,,,,,,,,False,Not in Affinity
311dbb66-ad87-4f0f-8240-526195d18cdd,hyliion,Linear generator for naval ships,,,,,,,,,False,Not in Affinity
ae50072e-09f1-41f7-928e-fe9833188c22,hyme,Startup developing technology to store energy in molten salt,,,,,,,,,False,Not in Affinity
a4118614-8759-4457-80b1-17a1a47ba681,hymeth,High-efficiency alkaline electrolysis technology,https://hymeth.com/,,,,,,,,False,Not in Affinity
ca710678-a45d-4ec9-a3f3-f9b93ad1957a,hypercraft,Hybrid and electric powertrains for various vehicles,https://www.hypercraft.com/,,,,,,,,False,Not in Affinity
3031c6de-4255-42a8-a1c6-ad59548a9149,hyperheat,Electric heaters to replace natural gas burners,,,,,,,,,False,Not in Affinity
3b853f51-afaf-407a-abcb-8e834a89d69a,hyperion robotics,3D printing sustainable concrete,,,,,,,,,False,Not in Affinity
5c851d27-43d6-48a6-88d8-bce4b0e02ef2,hypermine,AI-powered hyperspectral sensing technology for mining,,,,,,,,,False,Not in Affinity
5585bf44-7fe5-4f8d-965e-778b0e8daae9,hypermotive,EV and fuel cell integrator,,,,,,,,,False,Not in Affinity
845a66d0-99eb-4321-94c4-cb9f24b58a5b,hyperproof,Continuous compliance SaaS platform,,,,,,,,,False,Not in Affinity
3cd35d3f-c321-496c-9de5-c82c5299220e,hypervolt,EV charging company,,,,,,,,,False,Not in Affinity
398ebd21-9a16-4a6d-b2b8-0accf9b0b8c3,hysata,Hydrogen electrolyser technology company,https://www.hysata.com/,,,,,,,,False,Not in Affinity
e663139b-0ab4-46e8-af28-6d3ce200a2df,hysetco,Network of hydrogen distribution stations and provider of hydrogen vehicle rentals,https://www.hysetco.com/,,,,,,,,False,Not in Affinity
d1cb34b0-aef8-4584-aabd-d287b71c70c8,hysilabs,Liquid hydrogen carrier,,,,,,,,,False,Not in Affinity
70a29ed2-9cb0-4bc7-86bb-a1d79f5c3d62,hystar,PEM electrolyzer developer,https://www.hystar.no/,,,,,,,,False,Not in Affinity
61df9e36-6447-4dd6-9972-1f162fb568af,hyting,Hydrogen-powered heating technology provider,,,,,,,,,False,Not in Affinity
147b688f-24c8-48be-9ae5-6e9b9c7addae,hyzon motors,Maker of hydrogen fuel cell powered commercial vehicles,https://hyzonmotors.com/,,,,,,,,False,Not in Affinity
90b2bee6-4627-42ca-9906-2cc91545110b,i-rox,Developing pulsed power applications for mining,,,,,,,,,False,Not in Affinity
4b7fb586-41a5-4a31-9f83-d49255927e02,i-tes,Developer of thermal storage batteries using phase change materials (PCMs) and thermochemical materials,,,,,,,,,False,Not in Affinity
841b578a-3956-4eea-944c-a3a98b3fc460,ibi-ag,Developer of environmentally friendly biological pest control solutions,,,,,,,,,False,Not in Affinity
b66fbd8c-eb62-43f7-81ae-58bfc6b22f00,ibisa,Agricultural microinsurance startup,,,,,,,,,False,Not in Affinity
5350c386-04e9-4b48-a7fa-fba2db71c4f1,iceberg data lab,Environmental data startup designed to serve financial institutions,,,,,,,,,False,Not in Affinity
6d6116b8-9ae1-4ed5-a7a1-988fd8c96973,iceye,Microsatellite manufacturing and Earth-observation solutions,https://www.iceye.com/,,,,,,,,False,Not in Affinity
ab7113bb-2309-4cea-956c-e564f2653036,icon,"3D prints resilient, energy-efficient homes",https://www.iconbuild.com/,,,,,,,,False,Not in Affinity
82bcd236-b308-4e53-bc69-1f1376f3525e,ictyos,Fashion company using recycled fish skins,,,,,,,,,False,Not in Affinity
60807553-0f71-4002-9418-e7a146d24f0e,ideal semiconductor,Energy-efficient electronics components company,https://idealsemi.com/,,,,,,,,False,Not in Affinity
50686808-bd15-442a-9701-fa94b9117b23,idelic,Provider of operations and safety software to the transportation industry,,,,,,,,,False,Not in Affinity
3c0f869a-9903-4e3c-a9ce-30efe77fdfe4,ideon technologies,Developing subsurface imaging solutions for mining,,,,,,,,,False,Not in Affinity
f1c851e6-364e-4b76-8f35-e480f830196a,ienai,Electric propulsion systems for satellites,,,,,,,,,False,Not in Affinity
e75446a5-73c8-4775-812f-e287a257995f,ieqsy,Optimizing energy efficiency,,,,,,,,,False,Not in Affinity
dfd53213-0320-4634-8383-5e8318cbd1a3,ifarm,Vertical farming technology provider,https://ifarm.fi/,,,,,,,,False,Not in Affinity
f56f7a47-ec4a-44e3-979d-4e0fec3d996c,ifoodds,Food safety and quality management solutions,,,,,,,,,False,Not in Affinity
14ecf861-1a8e-4efb-b2d5-92afbb0d9ed5,ilectra motor group,Electric motorbikes developer,,,,,,,,,False,Not in Affinity
fbae6018-3051-47aa-8f16-2ced007c5d05,illinois institute of technology,Propane from carbon dioxide technology,https://iit.edu/,,,,,,,,False,Not in Affinity
2d26136b-bfd6-4cd8-8332-ebd489f878df,illumine industries,Sustainable power and construction engineering,,,,,,,,,False,Not in Affinity
45534666-7e59-4c83-be17-c5d71be3a502,immaterial,Advanced materials platform,,,,,,,,,False,Not in Affinity
3876e9ab-e8f1-4301-a3e5-e7e44fe038de,immobazyme,To scale its precision fermentation-derived proteins for cultivated meat,https://immobazyme.com/,,,,,,,,False,Not in Affinity
a12ecb71-ca73-4ada-843d-ee85b181f446,imove,EV subscription service,,,,,,,,,False,Not in Affinity
62416dfc-87d2-434b-bb01-4e371ec75875,impact bioenergy,Converting food waste into renewable natural gas,,,,,,,,,False,Not in Affinity
094f1407-99f5-480d-9f5e-49bd11a5d4d1,impact recycling,Developer of innovative plastic recycling technology,,,,,,,,,False,Not in Affinity
7a50b1c3-8501-4de0-b83a-0a4d29a1dfcc,impact+,Carbon measurement for advertising campaigns platform,,,,,,,,,False,Not in Affinity
6e092a86-4953-4db7-b96a-6dd256d5d8fa,impactalpha,Sustainable finance news and data platform,,,,,,,,,False,Not in Affinity
6d7c4923-075a-4d51-87fb-81660aa3d597,imperfect foods,Online food marketplace focused on reducing food waste,https://www.imperfectfoods.com/,,,,,,,,False,Not in Affinity
265cb83d-71c5-4a19-87a2-ec0fd75afd5c,impossible foods,Producing plant-based meat substitutes,,,,,,,,,False,Not in Affinity
c46b935e-ae25-4c9e-a57a-de0552f4adc0,impossible materials,Start-up formulating cellulose-based ingredients,,,,,,,,,False,Not in Affinity
85bcfab9-3fc4-4001-af58-7432f29ccdb0,impossible mining,Developing technology for seabed mining and refining,https://impossiblemining.com/,,,,,,,,False,Not in Affinity
9510f893-8862-4bb9-8edd-f64af3eecbab,improvin',Agri-food emissions monitoring company,,,,,,,,,False,Not in Affinity
946f2609-eba9-4674-8c2f-5d53056890d3,impulse,Carbon reduction home appliances,,,,,,,,,False,Not in Affinity
34c8bbd9-e113-45d3-8a6c-5c8d60174c65,imubit,A.I. for refiners and chemical operators,,,,,,,,,False,Not in Affinity
df1d48eb-6bdc-498e-adfc-ed6f3dfda9da,in bold print,Carbon accounting business,,,,,,,,,False,Not in Affinity
9569268d-0785-480b-83a1-0a7941c99986,in ovo,Startup with screening tech that helps produce ‘cull-free chicks’,https://www.inovo.nl/,,,,,,,,False,Not in Affinity
544b42d1-6a21-4ee7-b8af-9ce18396cc35,inari,"Biotechnology company developing personalized, gene-edited crops",,,,,,,,,False,Not in Affinity
b9ea8091-7b40-442a-9072-9399a05ec3f6,inarix,Crop analysis platform,,,,,,,,,False,Not in Affinity
cbe8d4bd-f9bc-406a-9175-a132697a1a79,indigo ag,Sustainable agriculture solutions provider,https://www.indigoag.com/,,,,,,,,False,Not in Affinity
d83dc9de-91a1-4cdd-98c1-733429989d9c,indigo technologies,New mobility tech developer,https://indigotech.com/,,,,,,,,False,Not in Affinity
3439ef8a-0897-4b3f-b00c-9757b0a61414,indra systems,Decentralized wastewater treatment platform,,,,,,,,,False,Not in Affinity
28ad5478-b264-480a-9259-b6e64e8b5b14,indus.ai,Construction software company using computer vision,,,,,,,,,False,Not in Affinity
6d8a3ad5-455f-4e4b-9274-0b864da70781,industrial sun,Solar project developer and energy company,,,,,,,,,False,Not in Affinity
8bfce46e-4e59-420c-9f70-a747f50ae395,ineratec,Producer of low-carbon synthetic fuels,https://ineratec.com/,,,,,,,,False,Not in Affinity
a9466080-f658-4e3e-a18e-ca97b163a625,ineratec gmbh,Producer of sustainable e-kerosene made from carbon dioxide and green hydrogen,https://ineratec.com/,,,,,,,,False,Not in Affinity
9dc0757b-f316-4a92-9a11-c71d962cde7b,infarm,Indoor farming startup,,,,,,,,,False,Not in Affinity
61b0090c-26e3-4c2e-8b88-3af8c9cce657,infinite cooling,Cooling startup reducing water consumption,,,,,,,,,False,Not in Affinity
6de2f6ea-8262-4b69-8ec9-0294fe8863e0,infinite machine,Electric scooters,https://infinitemachine.com/,,,,,,,,False,Not in Affinity
8de124f3-7928-45e5-8698-c7d824753eae,infinite roots,Mycelium-based food technology platform,,,,,,,,,False,Not in Affinity
68d09f3b-13d7-4c03-a1da-9d80d80bb89d,infinite uptime,Predictive maintenance and energy efficiency solutions provider for process industries,,,,,,,,,False,Not in Affinity
0bbcb454-69f9-437f-b88b-d81f487ece18,infinitum,Creator of a sustainable air-core motor,,,,,,,,,False,Not in Affinity
e7eb9d8c-121c-4164-8eec-8cf5d601adee,infinitum electric,IoT-enabled electric motors,,,,,,,,,False,Not in Affinity
bed46dcb-976f-42a3-b41a-0c0b48c33625,infinity recycling,Investment firm that invests in advanced plastic recycling,,,,,,,,,False,Not in Affinity
5d1b1693-8ffd-4062-a631-82eb7c7ab416,infinium,Synthetic fuels and sustainable aviation fuel company,,,,,,,,,False,Not in Affinity
5c2d36e0-976f-4b72-91f7-a53a94cdbe57,infiot,Infrastructure for remote users and IoT devices,,,,,,,,,False,Not in Affinity
b13f0357-f0cf-46ae-bbae-eb488caf3035,influxdata,Time series data platform provider,https://www.influxdata.com/,,,,,,,,False,Not in Affinity
acc43a1f-b21f-4e99-bd1b-36ce0fb15bc2,infogrid,AI-powered smart energy and smart cleaning products for buildings,https://infogrid.io/,,,,,,,,False,Not in Affinity
333da0cd-2adf-49e0-85c5-926dbbdfba91,inform ag,Agricultural data and sensor technology,,,,,,,,,False,Not in Affinity
2aac6aa6-676b-4d89-b3f4-aa3e9dd63fec,infrakit,Construction data software platform,,,,,,,,,False,Not in Affinity
81e091ee-0ba4-4cc3-8011-214704177856,infrascreen,Nanotech solutions provider for climate control,https://www.infrascreen.com/,,,,,,,,False,Not in Affinity
93ed3a5a-36aa-4424-bae2-858b74a46637,infravision,Drones and software to automate power line construction,https://infravision.com/,,,,,,,,False,Not in Affinity
e81770be-55b9-42cd-b307-bf5ffb346815,infyos,Battery supply chain visibility platform,,,,,,,,,False,Not in Affinity
e43e0886-8fa0-4dd6-bda7-2f5894d9ed20,inigo,GraphQL API management platform,https://www.inigo.com/,,,,,,,,False,Not in Affinity
5be9564f-6fbd-4c58-9488-86ebc273e2d5,inkbit,Additive manufacturing business,,,,,,,,,False,Not in Affinity
096e9686-e19b-4008-b949-d6330a91e656,innerplant,Genetically engineered crops that emit signals to farmers when stressed,,,,,,,,,False,Not in Affinity
f87c5ebc-7e9a-48a3-a422-d14a710f023e,innocent meat,Cultured meat production company,,,,,,,,,False,Not in Affinity
71c1a8b0-6820-480a-9d54-46face34d4fc,innovatium,Developer of commercial equipment and processes which reduce the carbon intensity of existing energy processes,,,,,,,,,False,Not in Affinity
64ffcbc4-fecc-45e6-a3ca-c4117b65c0c7,innovopro,Chickpea protein startup,,,,,,,,,False,Not in Affinity
d6ea8bca-8a6c-4c45-abca-a86f7f972c9a,inobat,Make batteries for automotive and other transport applications,,,,,,,,,False,Not in Affinity
e4b2d1f3-7f3b-42a4-b2a7-a6d8fa188504,insectta,Biomaterials from insects developer,,,,,,,,,False,Not in Affinity
cfb1cc99-382b-4992-8994-b3b5cad4d480,insight m,Aircraft-based methane leak detection technology,,,,,,,,,False,Not in Affinity
849b5dc3-bc70-4543-a033-01fb8549ed8e,insoil,Sustainable agriculture microfinance platform,,,,,,,,,False,Not in Affinity
6d4a904d-1c19-4cb1-b8ae-5c01db1b1547,insolare,"Solar engineering, procurement, and construction services",,,,,,,,,False,Not in Affinity
ddbb512a-47d5-4462-bbf2-4913bbb7da73,insolight,Agrivoltaic installer,,,,,,,,,False,Not in Affinity
ab8dcb8d-bcb6-4155-992c-bf269f0066da,inspirafarms,Developer of off-grid solar-powered food refrigeration,https://www.inspirafarms.com/,,,,,,,,False,Not in Affinity
4c23cac9-dd1f-48de-af20-c68d6117deff,inspiration mobility,Maker of EV fleet management software,,,,,,,,,False,Not in Affinity
95bae58e-8c79-4ab4-907f-5697e79e2829,inspired capital,Investing in pre-seed to Series A startups,https://www.inspiredcapital.com/,,,,,,,,False,Not in Affinity
9b537b7d-77ea-4408-a3be-b29a2b1f2744,instadeep,AI-powered decision-making platform,https://www.instadeep.com/,,,,,,,,False,Not in Affinity
148d8d71-3f8e-473b-83f6-ee91e0c01d33,instagrid,Portable battery storage startup,,,,,,,,,False,Not in Affinity
c8b183d2-58ef-49fa-8f98-6dcd88290ca5,installer,Matching companies with skilled installers,https://www.installer.com/,,,,,,,,False,Not in Affinity
32ddb82e-9ea9-4351-ab8a-4d8d1b37ea84,installion,Installation service provider for utilities undergoing energy transitions,,,,,,,,,False,Not in Affinity
72868ebb-e308-4013-92b5-ab97e33de07c,instrumental,Manufacturing optimization software platform,,,,,,,,,False,Not in Affinity
9674909c-dee1-4c71-9c46-b2aecc50a9ff,intake,Yeast-based precision fermentation platform,,,,,,,,,False,Not in Affinity
2ccd544f-505d-41f4-8746-4ce75ef5030d,integrated projects,Digitization services provider for building owners and design professionals,https://www.integratedprojects.com/,,,,,,,,False,Not in Affinity
db4a60ef-a95b-494c-ac38-c006dfa39e88,integriculture,Cell-based meat startup,,,,,,,,,False,Not in Affinity
edff868f-cf6c-46fd-8506-db01a42e60ee,integrity municipal systems,Water and wastewater process solutions developer,,,,,,,,,False,Not in Affinity
6e11957a-9508-436d-bf07-b64447550086,integritynext,Supply chain sustainability and ESG platform,https://www.integritynext.com/,,,,,,,,False,Not in Affinity
38e1c65d-d940-4e63-96bf-0da882e0bf0d,intelliculture,Farm management software platform,https://www.intelliculture.ca/,,,,,,,,False,Not in Affinity
908e2561-d187-4838-ba8c-94f9222a0903,intelligent city,Urban housing design company,,,,,,,,,False,Not in Affinity
cd2b11ca-da9d-4cad-8086-3d966f500e08,intelligent energy,PEM fuel cell manufacturer,https://www.intelligent-energy.com/,,,,,,,,False,Not in Affinity
85805ddf-396a-43f4-a725-358cc189913a,intelligent fluids,Manufacturer of non-toxic and biodegradable cleaning fluids,,,,,,,,,False,Not in Affinity
0d833baa-aa3a-4018-8370-b804ec4940b4,intellihot,Tankless water heating system manufacturer,https://www.intellihot.com/,,,,,,,,False,Not in Affinity
15f19ed5-de96-46af-b74c-894fcccb24fb,intello labs,Software startup using computer vision and AI to grade food quality,,,,,,,,,False,Not in Affinity
5e62fb78-cf75-4b64-8314-70acd8f76551,intelmatix,Provider of AI-powered decision intelligence software,,,,,,,,,False,Not in Affinity
b6ec6cc5-439c-46c8-aa09-3f3fc3ae54b7,intercontinental energy,Green hydrogen company,https://intercontinentalenergy.com/,,,,,,,,False,Not in Affinity
c9c2cb29-fc8e-4b00-b297-ec720fb131c6,interearth,CO2 removal service using trees,,,,,,,,,False,Not in Affinity
2abaeff7-166d-4f70-ae49-16aaef09d5a5,interface polymers,Developer of high-performance additives for plastics,,,,,,,,,False,Not in Affinity
0dfd686a-7258-4d2c-88d3-1a85887e8696,international battery company,Prismatic Li-ion battery manufacturer,,,,,,,,,False,Not in Affinity
f7913f5a-5024-4645-8c36-200c684a6b77,interos,Supply chain risk management tech company,,,,,,,,,False,Not in Affinity
02d09599-1b4a-49d3-a1d8-912414695db7,intersect power,Solar energy project developer,,,,,,,,,False,Not in Affinity
c90ed560-3276-4136-ac48-0a8b32317fde,interstellar lab,Developing controlled-environment pods for crop cultivation on Earth and life-support in Space,https://interstellarlab.com/,,,,,,,,False,Not in Affinity
897adf16-2983-4c53-b784-8f5c6f88e3d0,intramotev,Battery-powered autonomous railcars,https://www.intramotev.com/,,,,,,,,False,Not in Affinity
ad2f589b-990b-451e-965d-97089f30a7fb,intudo ventures,Invest in renewable energy and natural resources development,,,,,,,,,False,Not in Affinity
550f2c35-2f84-45df-9caf-516d9de1bf4c,inurba mobility,Urban micromobility developer,,,,,,,,,False,Not in Affinity
7f8db51d-87ed-4f0d-82ff-db11fc783314,inventwood,Advanced wood-based materials for sustainable building,https://www.inventwood.com/,,,,,,,,False,Not in Affinity
7e2c7704-0a8f-4b6a-a1e5-b89eec2c402f,inversion,Space-to-Earth cargo delivery service provider,,,,,,,,,False,Not in Affinity
26856e63-9b74-4838-afcd-d4a6b902453a,involve,Stratospheric balloons,,,,,,,,,False,Not in Affinity
598d1d56-e552-448b-bfaf-133d5681cd68,involve space,Stratospheric monitoring systems platform,,,,,,,,,False,Not in Affinity
71e7b15e-7f2f-4ef7-95f6-acc6ba639852,iobeya,Provider of enterprise visual management software,https://www.iobeya.com/,,,,,,,,False,Not in Affinity
a9040c5c-b030-4c98-99af-8da15d810a1b,ion clean energy,Liquid amine CO2 capture tech developer,https://ioncleanenergy.com/,,,,,,,,False,Not in Affinity
9f0ae332-246a-4683-a0fb-ebd168c21749,ion energy,Developer of battery management and analytics software,,,,,,,,,False,Not in Affinity
8738ff06-2d22-4aa6-996c-4ee1b236d1cc,ion mobility,Electric motorbike maker,https://www.ionmobility.com/,,,,,,,,False,Not in Affinity
0e6b4bbe-e3b6-49a0-9346-4d7582afbf1d,ion storage systems,Maker of solid state lithium metal batteries,,,,,,,,,False,Not in Affinity
b77cdb91-a075-4b48-a576-e70f5ea39be1,ionate,Control technology for power systems startup,,,,,,,,,False,Not in Affinity
b43a4424-8bcb-4d61-aa63-b2d19b3070c3,ionblox,Producer of a lithium-ion battery with a silicon dominant anode,,,,,,,,,False,Not in Affinity
5a049c23-4346-4767-a6d1-b312d4cef492,ioniqa technologies,Upcycling plastics,,,,,,,,,False,Not in Affinity
f1d77bad-6eea-45cf-8bdd-54e5f023600f,ionkraft,Sustainable coatings for packaging,https://ionkraft.com/,,,,,,,,False,Not in Affinity
e7d96969-91bd-4da5-8ca4-651ba2363d30,ionna,EV charging solutions platform,,,,,,,,,False,Not in Affinity
646c8774-4d88-4443-87c9-2d27fdfe7053,ionobell,Silicon-based batteries maker,,,,,,,,,False,Not in Affinity
f0fc2c6d-6d66-46ee-8a5d-047d3c98f02e,ionomr innovations,Developer of ion-exchange membranes,https://ionomr.com/,,,,,,,,False,Not in Affinity
a1ff9750-90b8-496c-adc1-0bdde83a1a6e,iontra,Battery technologies for extending battery life,,,,,,,,,False,Not in Affinity
1dc08b4c-541f-43d2-bd7f-130dc9202c8d,iotech,EV charging company,,,,,,,,,False,Not in Affinity
8d3c761e-199a-418b-87c1-75b38c25e166,ip group australia,Supports university-originated deep tech startups,,,,,,,,,False,Not in Affinity
dc2eaa16-db61-4109-ad3e-9bcb76ed910f,ipronics,Optical switches that improve data center speed,,,,,,,,,False,Not in Affinity
d9ef2bd4-901b-4f25-834b-e6dc857871f8,iqm quantum computers,Developer of superconducting quantum computers,,,,,,,,,False,Not in Affinity
977dcdd8-1c0f-453a-941a-43d0f566cce5,iris light technologies,Developer of silicon photonics technology,,,,,,,,,False,Not in Affinity
c5e2ed5f-25b6-4cb3-b308-34f667798c22,iron ox,Sustainability-focused agtech robotics maker,,,,,,,,,False,Not in Affinity
83a48be4-9ccf-4681-b1a0-702c1a56a716,iron sheepdog,Short-haul trucking optimization software,,,,,,,,,False,Not in Affinity
220811be-57bd-485e-ae79-d75d71a49c8b,ironic biotech,Make plant-based proteins to help customers with anemia,,,,,,,,,False,Not in Affinity
f3c63fb6-1543-49e7-a939-f9253106911a,ironspring ventures,To invest in the industrial revolution,,,,,,,,,False,Not in Affinity
607b208c-2c65-4c3f-8695-3d53237770bc,irp systems,Electric powertrain products provider,https://www.irpsystems.com/,,,,,,,,False,Not in Affinity
68595397-13d8-41ea-bd43-02b2598b8e3e,irrigreen,AI-powered sprinkler system technology,https://www.irrigreen.com/,,,,,,,,False,Not in Affinity
789466b4-5dcf-4a90-a8c5-bf3ac3f222cc,isometric,Carbon removal registry and science platform,,,,,,,,,False,Not in Affinity
3f06e8eb-12cf-4fd1-9e5b-7f343c2a00a4,isovalent,Cloud-native networking company,https://isovalent.com/,,,,,,,,False,Not in Affinity
604307c3-f267-48b0-8855-6bb68b2bcf7b,isptech,Propulsion systems for spacecraft using environmentally friendly fuels,https://isptech.com/,,,,,,,,False,Not in Affinity
76a6c9d8-6b7b-41c6-ba7a-6b008a67b6a5,it's fresh!,Food waste technology company,https://itsfresh.com/,,,,,,,,False,Not in Affinity
10a04682-daa1-42fb-933d-db75d962a065,itpipes,Pipeline inspection software,,,,,,,,,False,Not in Affinity
b2a994a7-f252-4d49-8386-666cfb914e3d,itselectric,Producer of electric vehicle chargers designed for cities,,,,,,,,,False,Not in Affinity
2030d699-d867-4775-b745-20f97815f667,iunu,AI and machine vision technology developer for agriculture,https://iunu.com/,,,,,,,,False,Not in Affinity
2fc7c702-8bf8-4873-bec7-fc7b95d92452,ivy energy,Simplify solar billing for multifamily properties,https://ivy.energy/,,,,,,,,False,Not in Affinity
4a64bdd1-0d68-499b-b9a1-029d549df3e5,iwell,Harmonizing clean energy developer,https://www.iwell.eu/,,,,,,,,False,Not in Affinity
74956995-16bd-4cec-9da1-bdc5d1e74832,iyris,Heat-blocking technology designed to boost crop yields,https://iyris.com/,,,,,,,,False,Not in Affinity
84794f0d-9181-4c18-88a9-fb2ac2c1f005,jedlix b.v.,Smart charging services platform provider,https://jedlix.com/,,,,,,,,False,Not in Affinity
8811df99-7d6c-4533-bd8e-0615b8159441,jejakin,Indonesian carbon accounting and monitoring service,https://jejakin.com/,,,,,,,,False,Not in Affinity
001b3ad0-401e-4a2f-98f8-36a9d6d8b310,jellatech,Animal-free proteins developer,https://www.jellatech.com/,,,,,,,,False,Not in Affinity
4bdf234d-0189-4306-abc1-78524a93d819,jet charge,EV charging company with a charging as a service model,https://www.jetcharge.com.au/,,,,,,,,False,Not in Affinity
3e0057d0-6233-43b9-a61d-503e8be97d04,jetcool,Direct-to-chip liquid cooling manufacturer,https://jetcool.com/,,,,,,,,False,Not in Affinity
93ba7200-001f-480f-84d6-6722ab7d6a4e,jetson,eVTOLs developer,https://www.jetson.com/,,,,,,,,False,Not in Affinity
3f0239c3-6b88-4270-b5ae-0dc0c21d771c,jetti resources,Developer of copper extraction technology,https://www.jettiresources.com/,,,,,,,,False,Not in Affinity
a160d108-12ab-4f51-a358-fd85abd482e0,jetzero,More efficient blended-wing aircraft,,,,,,,,,False,Not in Affinity
3cf7d36c-29ea-4630-b52c-817d6e0311c7,joby aviation,Develop and build electric vertical takeoff and landing (eVTOL) aircraft,https://www.jobyaviation.com/,,,,,,,,False,Not in Affinity
9b7becf6-b630-4f3b-a8ba-b5b186c418da,jolt,Electric vehicle charging stations provider,,,,,,,,,False,Not in Affinity
78d138ae-7765-4e57-a652-768c645fb858,jolt energy,Developer of an urban ultra-fast charging network,,,,,,,,,False,Not in Affinity
2b143480-7173-42c4-908a-ef34dd300402,jooules,Use gaseous fermentation and microbe strains to turn CO2 into protein,https://jooules.com/,,,,,,,,False,Not in Affinity
c4487314-a6be-4d5c-9c9f-cad19db79c34,joro,Platform tracking and reducing users’ climate footprints,,,,,,,,,False,Not in Affinity
982ebcb6-0423-4bfd-ad82-50c1479417a4,joywell foods,Food technology company developing a sweet protein portfolio,,,,,,,,,False,Not in Affinity
9dcd145f-b555-406a-8235-86f65426c753,jua,AI weather and climate forecasting platform,,,,,,,,,False,Not in Affinity
e34c6253-5905-472f-8b2a-4d1480e707f2,juganu,Smart city lighting solutions,https://juganu.com/,,,,,,,,False,Not in Affinity
7d5752eb-b426-457c-ad86-8b11c509583c,juicy marbles,Plant-based steak company,https://juicymarbles.com/,,,,,,,,False,Not in Affinity
26f5f613-1e16-4a39-a7dc-3b176ecfc135,juna.ai,AI agents for energy consumption in factories,https://juna.ai/,,,,,,,,False,Not in Affinity
df75fe43-623d-4749-aece-f7ea338dec14,juno,Proptech startup building sustainable apartment buildings,,,,,,,,,False,Not in Affinity
17340210-d3dc-4e8c-9fd7-20b739f27479,jupiter intelligence,Extreme weather and climate risk management firm,,,,,,,,,False,Not in Affinity
ba0c3b60-0dcc-402d-8e54-f55aef3e6a38,jupiter ionics,Electrochemical green ammonia technology,https://jupiterionics.com/,,,,,,,,False,Not in Affinity
cc7aae52-50c4-4df0-af46-98a5c8517ce4,just climate,Investment firm backing businesses focused on land-use transformation,https://justclimate.com/,,,,,,,,False,Not in Affinity
eb37420e-96ca-4188-8c6b-8b8a92a9d7a7,kabira mobility,Electric bike startup,,,,,,,,,False,Not in Affinity
4e85b342-a87a-4644-aad8-fc434c72aeb3,kaiko systems,AI-powered maritime operations platform,https://www.kaiko.com/,,,,,,,,False,Not in Affinity
fa348d6a-614e-4824-938c-4f12f9e5ead5,kairos aerospace,High-frequency aerial methane leak detection technologies,,,,,,,,,False,Not in Affinity
11ff33b2-f400-42d5-b39f-cac23e026351,kairos power,Novel advanced reactor technology platform,https://www.kairospower.com/,,,,,,,,False,Not in Affinity
962685d1-1da2-43f4-ab9d-516b2f29c114,Kaiyo,Marketplace for used furniture,kaiyo.com,"New York, NY",,,,,,,False,1793094
aa01a420-3f66-4d4a-9ad8-e4d5400b6735,Kaltani,Clean-tech plastic recycling and waste management company,kaltani.com,Nigeria,,,,,,,False,278295879
c3b13383-5169-486b-8560-e1aa708c9266,Kamma,Property analysis for environmental compliance platform,kammadata.com,"London, United Kingdom",33.0,-19.51,Series C,4200000.0,Conduit EIS Impact Fund,Alex Schembri (Chief Data and Innovation Officer & Co-Founder): https://linkedin.com/in/schrembot,True,117395503
8069f6e3-3a4e-488d-a9b8-359013b61bc8,Kanpla,Cafeteria-management software to reduce food waste,kanpla.dk,"Aarhus, Denmark",,,,,,,False,278831269
6d35da0d-c706-430c-8e77-dc6d408dd87c,Kapta Space,Spaceborne radar technology developer,kaptaspace.com,"Seattle, WA",,,,,,,False,294649664
60719fe3-aa83-411b-92b2-bafacc3c5a0e,Karana,Plant-based meat producer,eatkarana.com,Singapore,,,,,,,False,224198389
1220bff6-f687-4a12-b16e-bdaa0de0b64b,Karma Automotive,Hybrid luxury car manufacturer,karmaautomotive.com,"Hangzhou, China",,,,,,,False,1519008
cf01ccbd-4a86-4375-8f5c-50aaf18363e7,Karman Industries,Electric industrial thermal energy technology developer,karmanindustries.com,"Long Beach, CA",,,,,,,False,298608672
48d8d8ea-bfd7-45d2-b790-1cb30f27e185,Karomia,Double materiality assessment and CSRD reporting software provider,karomia.eu,"Gent, Belgium",,,,,,,False,296129443
3e98c7ca-3b22-4e0f-9acc-2117b24e4638,Katana MRP,Manufacturing ERP software company,katanamrp.com,"Tallinn, Estonia",141.0,-4.08,Series B,35000000.0,Kairi Pauskar,Hannes Kert (Co-founder / COO): https://linkedin.com/in/hanneskert,True,128867377
dec95564-2dec-4d92-a802-489705141a14,Kate,Developer of electric micro-cars,17thavenuedesigns.com,"Cerizay, France",,,,,,,False,203289468
ccbcb984-cd40-4601-bc3d-0caff564d497,Kate Farms,Producer of plant-based nutrition,katefarms.com,"Santa Barbara, CA",,,,,,,False,161877004
7e88aa17-1323-4b9b-820b-dadcc9006b7c,Kateri,Custom regenerative ranching programs platform,katericarbon.com,"San Francisco, CA",,,,,,,False,292799570
6d2516e8-8a0b-43b1-b4b2-5be0a37c2f87,KAYA AI,Advanced construction supply chain intelligence platform,mykaya.ai,"Columbus, OH",,,,,,,False,304638756
7b804414-4932-47f2-9937-c0abcf37a288,Kayrros,Climate and energy data analytics company,kayrros.com,"Paris, France",112.0,3.7,Other,44147200.0,European Investment Bank,Antoine H. (Chief Analyst and Co-founder): https://linkedin.com/in/antoine-h-5067824,True,116494323
0e030663-c6b4-4da6-aeff-a42829aac4cf,Kazam,EV charging management software provider,kazam.in,"Bengaluru, India",131.0,16.0,Series A,8000000.0,Vertex Ventures Southeast Asia and India,Akshay Shekhar (Co-Founder): https://linkedin.com/in/akshayshekhar,True,279921477
7f07875b-76a7-46d7-bf75-9d6b9a6b2fae,Kebony,Environmentally friendly modified wood producer,kebony.com,Norway,,,,,,,False,1623325
1da38986-d598-43d5-aa56-08eaa78d11d4,Kebotix,Platform for AI-discovered chemicals and materials,kebotix.com,"Cambridge, Massachusetts",9.0,-18.18,Series A,11400000.0,Flybridge Ventures,Dr. Jill S. Becker (CEO): https://linkedin.com/in/dr-jill-s-becker,True,162558779
445e1500-4abf-43c1-b2cf-fbac56ef8692,Keelvar,Sourcing software company,keelvar.com,Ireland,,,,,,,False,1588900
5f31b30d-4179-4b1c-975d-8ea0479e90b3,Keey Aerogel,Green aerogel from construction waste,keey-aerogel.com,"Habsheim, France",,,,,,,False,278716185
0d4455a7-8164-4261-9860-b6348d4b678a,kelpi,Seaweed-based packaging for food & CPG products,kelpi.net,"Bristol, U.K.",,,,,,,False,279213591
13a8c2ff-26a7-401c-9ab8-b7513152e244,kelvin,Decarbonized HVAC solutions provider for legacy buildings,https://www.radiatorlabs.com/,,,,,,,,False,Not in Affinity
73f020e3-4bdc-4ec5-872e-adb4bb087c95,kensa group,Ground-source heat pump developer,https://www.kensagroup.com/,,,,,,,,False,Not in Affinity
dcc62e74-e684-42f2-98c6-48c3350ed1af,ketos,"Technology designed to measure, manage, and forecast water quality and efficiency",,,,,,,,,False,Not in Affinity
da8c7c0c-aa44-45e0-96aa-f9fca208346e,kettle,Reinsurance startup focused on climate change,,,,,,,,,False,Not in Affinity
a5c7bcb9-06df-4ec8-87cb-4a04c3f1fabe,kevala,Energy data and analytics company,https://www.kevala.com/,,,,,,,,False,Not in Affinity
cf820f5e-896c-4168-bbb9-e9e8c83c7b47,kilimo,Help pay farmers to save water,,,,,,,,,False,Not in Affinity
6244848a-0930-4059-b82e-7292fd661850,kilter,Ultra-high precision weeding robot for vegetables,,,,,,,,,False,Not in Affinity
cf4c599a-0871-4f9a-af79-336d2baa908d,kind designs,Company developing 3D printing for seawalls,https://kinddesigns.com/,,,,,,,,False,Not in Affinity
08198870-da94-4b13-8507-65e513ca8c66,kinetic green,Micro-mobility vehicle manufacturer,,,,,,,,,False,Not in Affinity
c82706ef-4549-4b57-9e2f-e10ed23b8a16,king energy,Build portfolio of solar on commercial buildings,https://www.kingenergy.com/,,,,,,,,False,Not in Affinity
78172d6e-6a4a-4776-9fc4-ea4fda681841,kisanhub,Provider of agri-food supply chain solutions,,,,,,,,,False,Not in Affinity
da13c1ed-892c-4dec-ab3e-453b1ee41882,kita,Insurance provider for carbon markets,,,,,,,,,False,Not in Affinity
d39a970f-5c9e-4206-b9d5-bfb372091aaa,kite magnetics,Advanced magnetic materials developer,,,,,,,,,False,Not in Affinity
7ba32ca7-cdf0-445e-8f6e-50e61d524dcc,kite mobility,EV ridesharing platform,,,,,,,,,False,Not in Affinity
83051b92-69d6-46d3-b966-827d2e1e6f39,kitekraft,Producer of flying wind turbines,,,,,,,,,False,Not in Affinity
01885a6b-192d-4874-b986-1c8ea9afd0ee,kitepower,Developer of airborne wind energy systems,https://kitepower.nl/,,,,,,,,False,Not in Affinity
a06e62c9-05c6-45ab-889e-4070cfa408e2,kkr,Investment firm,https://www.kkr.com/,,,,,,,,False,Not in Affinity
d334b7dd-92d8-4b7f-a0c0-a0c2c89830e0,kkr global climate fund,Climate infrastructure fund,,,,,,,,,False,Not in Affinity
5100ecb6-00c9-4fa7-93b0-005ac6779b94,klim,Platform facilitating farmers’ transition to regenerative agriculture,https://www.klim.com/,,,,,,,,False,Not in Affinity
cb36240e-27a1-42c4-a6cb-14b46f0ffc27,klima,App that calculates carbon footprints,https://klima.com/,,,,,,,,False,Not in Affinity
8f61fdc3-9c31-41f0-b577-b0e4990650c9,kloopify,Sustainable procurement analytics platform,,,,,,,,,False,Not in Affinity
5bcf9cbe-2bc2-4852-8e1d-20969536f432,koa,Upcycled cocoa fruit products developer,,,,,,,,,False,Not in Affinity
e5afab61-49e2-4890-a8d4-b98aaa93a089,kobold metals,Algorithmic approach to identifying critical mineral deposits,https://www.koboldmetals.com/,,,,,,,,False,Not in Affinity
05a70dd7-7f5e-43d3-bc34-19e5a88c4bb2,kode labs,Building optimization analytics platform,https://www.kodelabs.com/,,,,,,,,False,Not in Affinity
b031fcff-de24-4440-8f66-54232b0d28e0,kodiak,Autonomous freight truck company,https://kodiak.ai/,,,,,,,,False,Not in Affinity
3483690b-fedc-4ff1-ae11-edf746b637e6,kodiak robotics,Autonomous truck company,https://www.kodiakrobotics.com/,,,,,,,,False,Not in Affinity
9b6afc35-5acb-4aa9-908e-82798458ba02,kofa,Electric motorcycles and battery swapping company,,,,,,,,,False,Not in Affinity
898c6a7a-6b05-4572-9d35-4cd4af610198,kojo,Materials management platform,,,,,,,,,False,Not in Affinity
a6b8c065-14fb-463e-b5bf-fb715e3aafa6,kokomodo,Cell-based cocoa and chocolate,,,,,,,,,False,Not in Affinity
0f922e49-c9d6-4bb8-b934-c5601e6695b5,koloma,Geologic hydrogen exploration and identification platform,,,,,,,,,False,Not in Affinity
eb79cee4-f4d9-419d-a69c-5eff1536f25f,kolum,Regulatory compliance platform targeted at the EU’s Carbon Border Adjustment Mechanism,,,,,,,,,False,Not in Affinity
a27b31d0-6851-4e1f-8802-41611abe6933,komaza,Company focused on sustainable forestry,https://www.komaza.com/,,,,,,,,False,Not in Affinity
bfa134d2-18a2-4cd1-9746-80dadcb7e203,kompas,Invests in industrial technology across Europe and the U.S.,,,,,,,,,False,Not in Affinity
664876a9-ced5-4059-b83b-35f73d1c3045,komunidad,Environmental risk platform,,,,,,,,,False,Not in Affinity
af714870-db5b-4577-aa77-c912a6aa318f,koo,Social media platform in multiple languages,,,,,,,,,False,Not in Affinity
ce10ec7b-9146-4382-bb9c-e5a10b86a8bf,koolbooks,Scaling solar refrigeration across Africa,,,,,,,,,False,Not in Affinity
daefbc5c-6302-4398-87ab-ed818c931f29,kopperfield,EV charger installation company,,,,,,,,,False,Not in Affinity
61f0ad6b-5d03-47b6-ba1c-a75140482703,kore power,Lithium-ion battery manufacturer,https://korepower.com/,,,,,,,,False,Not in Affinity
f756b3bd-838d-40fa-842b-2ad0704d399c,kos,Plant-based protein and supplements company,,,,,,,,,False,Not in Affinity
e2d8c272-dda7-4855-8fe3-1ee83060986f,kubecost,Cost monitoring platform,https://kubecost.com/,,,,,,,,False,Not in Affinity
9a35bef2-1b2a-4cbf-8a38-a60d0ebdec7a,kubik,Turn plastic waste into building materials,,,,,,,,,False,Not in Affinity
f721c481-15b9-4793-81a6-1df435f134d9,kula bio,Sustainable nitrogen fertilizers,https://www.kulabio.com/,,,,,,,,False,Not in Affinity
caaecb47-b75a-4c83-87e2-e0fd98911ce8,kuleana,Maker of plant-based tuna,,,,,,,,,False,Not in Affinity
8abd097f-fd2d-4ccb-a38d-d16c29920933,kumulus water,Developing technology that generates water from the air,,,,,,,,,False,Not in Affinity
252dc920-8933-4039-b1b1-b365b06afdaa,kusari,Security platform for supply chain vulnerabilities,,,,,,,,,False,Not in Affinity
e92eef13-1eee-4291-9329-b5c67aa1d35b,kuva space,Earth observation technology developer,https://www.kuvaspace.com/,,,,,,,,False,Not in Affinity
a4888e62-f5f5-4f59-aa6f-c9e14adbe132,kuva systems,Methane monitoring and quantification platform,https://www.kuvasystems.com/,,,,,,,,False,Not in Affinity
b1b8ca74-ef10-48d2-9a96-4de054ae4677,kvasir technologies,Biomass-to-fuel conversion technology developer,,,,,,,,,False,Not in Affinity
35350f97-0d49-49b2-bbde-274df91726a9,kvist,Environmental certification platform for construction,https://www.kvist.com/,,,,,,,,False,Not in Affinity
ebf0fcf2-a36e-4314-9189-728f4885e6e3,kwetta,Electric vehicle charging solutions developer,https://www.kwetta.com/,,,,,,,,False,Not in Affinity
68c03023-775c-455b-bb31-1403902e888d,kwh analytics,Climate insurance startup tailoring insurance policies for renewable energy installations,,,,,,,,,False,Not in Affinity
efa656ce-192d-4619-abcb-62af7eadef7f,kwota,Digital validation and trading services for recycled material CO₂ emissions,,,,,,,,,False,Not in Affinity
25ba3277-cf54-4170-9896-46fc29e324d2,kynda,Biotech sustainable proteins producer,,,,,,,,,False,Not in Affinity
976cefbb-ba4f-4191-b93a-b1dfe057c779,kyoto fusioneering,Nuclear fusion technology company,https://kyotofusioneering.com/,,,,,,,,False,Not in Affinity
f501b928-e2bb-4edf-b60c-1c6037e03723,la solive,Career training for energy renovation professionals,,,,,,,,,False,Not in Affinity
3e9f7f1b-4342-4b9b-9a4c-dac5f96fa070,la vie,"Plant-based meat products, like vegan meatballs",,,,,,,,,False,Not in Affinity
a089360d-c360-45b5-951e-d281f3ec7071,lactips,"Biodegradable, water-soluble polymers for packing",https://www.lactips.com/,,,,,,,,False,Not in Affinity
